order_id,product_id,quantity,price_each,total_price
1,59,1,96.01,96.01
2,15,5,102.94,514.7
3,22,3,123.4,370.2
4,52,5,168.92,844.6
4,35,4,175.47,701.88
4,65,4,88.02,352.08
5,4,2,126.77,253.54
5,12,5,168.59,842.95
6,61,3,33.34,100.02
6,67,2,187.31,374.62
6,57,5,84.84,424.2
7,42,1,20.7,20.7
8,52,5,168.92,844.6
9,52,5,168.92,844.6
10,47,5,82.62,413.1
11,37,4,181.31,725.24
11,57,1,84.84,84.84
12,71,1,165.35,165.35
12,53,2,208.07,416.14
13,38,5,115.36,576.8
14,50,5,122.1,610.5
14,25,2,168.05,336.1
14,77,1,178.23,178.23
15,76,5,241.18,1205.9
16,70,3,25.74,77.22
16,49,2,162.16,324.32
16,59,2,96.01,192.02
17,49,2,162.16,324.32
17,50,4,122.1,488.4
18,57,1,84.84,84.84
19,20,3,157.2,471.6
19,10,3,202.18,606.54
19,61,5,33.34,166.7
20,41,5,194.51,972.55
20,63,1,261.47,261.47
21,30,1,17.89,17.89
22,4,1,126.77,126.77
23,73,2,36.13,72.26
23,24,1,263.59,263.59
23,22,5,123.4,617.0
24,60,3,56.97,170.91
25,21,4,236.89,947.56
25,10,3,202.18,606.54
26,26,1,36.51,36.51
26,50,2,122.1,244.2
26,62,4,56.97,227.88
27,51,3,85.37,256.11
28,37,3,181.31,543.93
28,30,2,17.89,35.78
28,78,2,150.02,300.04
29,6,4,272.18,1088.72
29,40,1,234.93,234.93
30,54,2,144.1,288.2
31,22,3,123.4,370.2
31,33,3,35.06,105.18
31,62,1,56.97,56.97
32,51,3,85.37,256.11
32,72,1,255.33,255.33
33,34,5,132.47,662.35
34,80,5,117.61,588.05
35,53,2,208.07,416.14
35,15,1,102.94,102.94
36,18,3,80.78,242.34
36,50,5,122.1,610.5
36,59,4,96.01,384.04
37,53,3,208.07,624.21
38,47,1,82.62,82.62
39,16,4,20.19,80.76
40,17,5,200.77,1003.85
41,30,5,17.89,89.45
41,43,1,182.43,182.43
41,19,3,229.34,688.02
42,4,2,126.77,253.54
43,7,2,177.69,355.38
44,47,5,82.62,413.1
45,67,4,187.31,749.24
45,39,1,193.11,193.11
46,57,1,84.84,84.84
46,10,3,202.18,606.54
47,71,5,165.35,826.75
47,42,5,20.7,103.5
47,49,3,162.16,486.48
48,71,2,165.35,330.7
49,54,3,144.1,432.3
49,13,4,195.57,782.28
50,11,1,115.12,115.12
51,72,1,255.33,255.33
51,43,4,182.43,729.72
52,28,2,191.9,383.8
52,20,1,157.2,157.2
52,62,3,56.97,170.91
53,55,5,170.97,854.85
53,72,5,255.33,1276.65
54,4,3,126.77,380.31
54,24,3,263.59,790.77
54,35,1,175.47,175.47
54,40,2,234.93,469.86
55,4,1,126.77,126.77
56,48,3,73.35,220.05
57,21,5,236.89,1184.45
58,57,4,84.84,339.36
59,76,3,241.18,723.54
59,63,1,261.47,261.47
59,68,2,150.75,301.5
60,18,3,80.78,242.34
60,33,1,35.06,35.06
60,38,1,115.36,115.36
61,65,3,88.02,264.06
61,72,1,255.33,255.33
62,41,5,194.51,972.55
63,52,1,168.92,168.92
64,32,1,220.3,220.3
64,56,4,22.88,91.52
64,76,3,241.18,723.54
64,52,3,168.92,506.76
64,68,2,150.75,301.5
65,45,3,231.48,694.44
66,23,5,219.45,1097.25
67,60,5,56.97,284.85
67,73,4,36.13,144.52
68,39,1,193.11,193.11
68,36,3,177.6,532.8
68,76,5,241.18,1205.9
69,37,1,181.31,181.31
70,6,2,272.18,544.36
70,58,3,136.94,410.82
70,74,5,185.93,929.65
71,44,2,182.79,365.58
71,11,1,115.12,115.12
71,65,2,88.02,176.04
72,37,4,181.31,725.24
72,50,3,122.1,366.3
73,50,3,122.1,366.3
74,45,2,231.48,462.96
74,40,5,234.93,1174.65
74,51,1,85.37,85.37
75,68,3,150.75,452.25
75,12,1,168.59,168.59
75,55,3,170.97,512.91
75,66,3,10.86,32.58
76,20,1,157.2,157.2
76,10,5,202.18,1010.9
76,38,5,115.36,576.8
77,17,2,200.77,401.54
77,77,2,178.23,356.46
77,49,2,162.16,324.32
78,31,4,220.38,881.52
79,61,2,33.34,66.68
80,65,2,88.02,176.04
80,68,2,150.75,301.5
80,54,5,144.1,720.5
81,14,5,87.57,437.85
82,66,2,10.86,21.72
83,4,4,126.77,507.08
83,54,5,144.1,720.5
83,7,3,177.69,533.07
84,13,3,195.57,586.71
85,18,5,80.78,403.9
85,61,1,33.34,33.34
85,58,1,136.94,136.94
86,68,1,150.75,150.75
86,55,3,170.97,512.91
87,80,1,117.61,117.61
87,59,1,96.01,96.01
88,19,4,229.34,917.36
88,38,1,115.36,115.36
89,11,1,115.12,115.12
89,68,5,150.75,753.75
89,47,5,82.62,413.1
90,50,3,122.1,366.3
91,14,2,87.57,175.14
91,75,1,117.26,117.26
91,43,3,182.43,547.29
92,24,1,263.59,263.59
92,18,4,80.78,323.12
93,41,4,194.51,778.04
93,40,5,234.93,1174.65
93,66,4,10.86,43.44
94,43,3,182.43,547.29
94,35,4,175.47,701.88
94,16,4,20.19,80.76
95,64,3,202.18,606.54
96,78,2,150.02,300.04
97,40,5,234.93,1174.65
97,58,4,136.94,547.76
98,46,4,202.58,810.32
98,79,3,65.96,197.88
99,21,5,236.89,1184.45
99,4,4,126.77,507.08
99,19,1,229.34,229.34
100,73,1,36.13,36.13
101,74,3,185.93,557.79
101,18,4,80.78,323.12
101,68,3,150.75,452.25
102,72,1,255.33,255.33
103,63,2,261.47,522.94
104,12,1,168.59,168.59
104,41,5,194.51,972.55
104,45,5,231.48,1157.4
105,47,5,82.62,413.1
106,47,5,82.62,413.1
107,9,4,195.34,781.36
107,40,5,234.93,1174.65
107,51,4,85.37,341.48
108,10,4,202.18,808.72
109,76,4,241.18,964.72
109,24,5,263.59,1317.95
109,17,1,200.77,200.77
110,29,3,56.07,168.21
111,36,5,177.6,888.0
111,17,5,200.77,1003.85
111,39,1,193.11,193.11
112,80,5,117.61,588.05
113,27,5,89.16,445.8
114,39,2,193.11,386.22
114,62,4,56.97,227.88
115,44,2,182.79,365.58
115,78,3,150.02,450.06
116,72,1,255.33,255.33
117,50,5,122.1,610.5
118,25,4,168.05,672.2
118,21,5,236.89,1184.45
119,65,2,88.02,176.04
119,59,5,96.01,480.05
119,31,3,220.38,661.14
120,61,1,33.34,33.34
120,37,4,181.31,725.24
120,69,2,40.64,81.28
120,2,3,272.11,816.33
121,72,2,255.33,510.66
122,71,5,165.35,826.75
122,36,5,177.6,888.0
123,72,2,255.33,510.66
123,47,5,82.62,413.1
123,19,5,229.34,1146.7
124,61,4,33.34,133.36
124,67,2,187.31,374.62
125,51,5,85.37,426.85
126,73,4,36.13,144.52
126,39,1,193.11,193.11
127,4,3,126.77,380.31
127,77,5,178.23,891.15
127,61,5,33.34,166.7
128,80,2,117.61,235.22
128,49,2,162.16,324.32
129,20,4,157.2,628.8
130,8,4,224.7,898.8
130,18,5,80.78,403.9
130,67,4,187.31,749.24
130,27,3,89.16,267.48
130,72,2,255.33,510.66
130,42,4,20.7,82.8
131,34,4,132.47,529.88
131,79,2,65.96,131.92
132,39,3,193.11,579.33
132,37,4,181.31,725.24
132,27,3,89.16,267.48
132,63,5,261.47,1307.35
133,51,3,85.37,256.11
134,45,4,231.48,925.92
134,57,2,84.84,169.68
134,33,2,35.06,70.12
135,79,5,65.96,329.8
136,30,1,17.89,17.89
137,18,5,80.78,403.9
137,1,2,117.68,235.36
138,37,1,181.31,181.31
138,42,5,20.7,103.5
138,8,2,224.7,449.4
139,5,4,136.91,547.64
140,5,5,136.91,684.55
140,2,5,272.11,1360.55
140,39,1,193.11,193.11
141,64,2,202.18,404.36
142,21,4,236.89,947.56
143,25,5,168.05,840.25
143,23,4,219.45,877.8
144,24,3,263.59,790.77
144,18,2,80.78,161.56
144,62,1,56.97,56.97
145,39,1,193.11,193.11
145,75,3,117.26,351.78
145,74,3,185.93,557.79
146,40,5,234.93,1174.65
146,16,2,20.19,40.38
146,38,2,115.36,230.72
146,48,2,73.35,146.7
147,71,4,165.35,661.4
148,11,4,115.12,460.48
148,68,5,150.75,753.75
149,69,2,40.64,81.28
150,75,4,117.26,469.04
151,59,1,96.01,96.01
151,73,5,36.13,180.65
152,28,5,191.9,959.5
153,8,4,224.7,898.8
153,9,1,195.34,195.34
154,54,4,144.1,576.4
154,48,4,73.35,293.4
154,49,4,162.16,648.64
155,69,4,40.64,162.56
156,60,5,56.97,284.85
156,70,4,25.74,102.96
156,55,2,170.97,341.94
157,15,5,102.94,514.7
157,5,1,136.91,136.91
157,54,2,144.1,288.2
158,7,1,177.69,177.69
158,32,4,220.3,881.2
159,18,2,80.78,161.56
159,65,5,88.02,440.1
159,38,3,115.36,346.08
160,67,2,187.31,374.62
161,23,5,219.45,1097.25
161,55,4,170.97,683.88
162,20,3,157.2,471.6
163,19,4,229.34,917.36
164,18,4,80.78,323.12
165,48,2,73.35,146.7
165,12,1,168.59,168.59
165,69,3,40.64,121.92
166,72,2,255.33,510.66
166,28,3,191.9,575.7
166,62,3,56.97,170.91
167,62,2,56.97,113.94
168,49,3,162.16,486.48
168,60,3,56.97,170.91
168,69,3,40.64,121.92
168,46,5,202.58,1012.9
169,41,3,194.51,583.53
169,27,3,89.16,267.48
170,71,5,165.35,826.75
171,73,2,36.13,72.26
172,63,2,261.47,522.94
172,59,3,96.01,288.03
173,8,1,224.7,224.7
173,68,1,150.75,150.75
173,5,1,136.91,136.91
174,65,4,88.02,352.08
175,71,4,165.35,661.4
176,3,2,182.47,364.94
176,65,1,88.02,88.02
176,56,1,22.88,22.88
177,46,3,202.58,607.74
178,32,2,220.3,440.6
179,2,4,272.11,1088.44
179,22,4,123.4,493.6
179,11,3,115.12,345.36
180,73,1,36.13,36.13
180,61,1,33.34,33.34
180,35,3,175.47,526.41
181,41,5,194.51,972.55
181,3,2,182.47,364.94
181,27,4,89.16,356.64
182,50,3,122.1,366.3
182,70,4,25.74,102.96
183,13,4,195.57,782.28
184,51,3,85.37,256.11
184,42,4,20.7,82.8
184,4,4,126.77,507.08
185,49,5,162.16,810.8
185,11,3,115.12,345.36
186,20,4,157.2,628.8
187,14,4,87.57,350.28
187,17,4,200.77,803.08
187,12,5,168.59,842.95
187,24,5,263.59,1317.95
188,77,4,178.23,712.92
188,42,1,20.7,20.7
189,32,2,220.3,440.6
189,74,4,185.93,743.72
189,67,2,187.31,374.62
190,56,3,22.88,68.64
191,64,2,202.18,404.36
191,77,4,178.23,712.92
191,79,1,65.96,65.96
192,43,3,182.43,547.29
192,57,4,84.84,339.36
193,26,2,36.51,73.02
193,62,4,56.97,227.88
193,41,3,194.51,583.53
194,51,3,85.37,256.11
195,71,1,165.35,165.35
196,9,2,195.34,390.68
196,53,3,208.07,624.21
196,64,2,202.18,404.36
197,58,5,136.94,684.7
198,54,5,144.1,720.5
198,70,5,25.74,128.7
198,5,1,136.91,136.91
198,47,1,82.62,82.62
199,52,3,168.92,506.76
200,67,5,187.31,936.55
201,76,5,241.18,1205.9
202,11,1,115.12,115.12
203,67,4,187.31,749.24
203,62,1,56.97,56.97
203,45,4,231.48,925.92
204,15,1,102.94,102.94
204,3,2,182.47,364.94
204,44,2,182.79,365.58
205,60,2,56.97,113.94
206,4,5,126.77,633.85
207,28,2,191.9,383.8
208,26,4,36.51,146.04
209,50,5,122.1,610.5
210,23,3,219.45,658.35
211,40,1,234.93,234.93
212,74,4,185.93,743.72
212,50,2,122.1,244.2
213,23,4,219.45,877.8
213,72,3,255.33,765.99
213,22,2,123.4,246.8
214,2,4,272.11,1088.44
215,63,4,261.47,1045.88
215,54,4,144.1,576.4
216,5,3,136.91,410.73
217,64,5,202.18,1010.9
217,71,1,165.35,165.35
218,6,4,272.18,1088.72
219,32,1,220.3,220.3
219,39,4,193.11,772.44
220,31,2,220.38,440.76
221,79,2,65.96,131.92
222,77,2,178.23,356.46
222,69,3,40.64,121.92
223,13,2,195.57,391.14
223,18,2,80.78,161.56
223,53,2,208.07,416.14
223,8,2,224.7,449.4
223,36,3,177.6,532.8
224,54,4,144.1,576.4
224,49,1,162.16,162.16
225,59,5,96.01,480.05
225,63,1,261.47,261.47
225,42,1,20.7,20.7
226,55,2,170.97,341.94
227,73,3,36.13,108.39
227,63,1,261.47,261.47
228,57,4,84.84,339.36
228,59,2,96.01,192.02
228,1,2,117.68,235.36
229,12,1,168.59,168.59
229,47,3,82.62,247.86
229,33,2,35.06,70.12
230,12,1,168.59,168.59
231,57,1,84.84,84.84
232,30,4,17.89,71.56
233,49,2,162.16,324.32
234,45,2,231.48,462.96
235,13,2,195.57,391.14
236,18,2,80.78,161.56
237,4,2,126.77,253.54
237,39,5,193.11,965.55
238,31,4,220.38,881.52
238,64,1,202.18,202.18
239,47,3,82.62,247.86
240,61,1,33.34,33.34
240,10,5,202.18,1010.9
241,51,5,85.37,426.85
242,69,3,40.64,121.92
242,79,1,65.96,65.96
242,20,3,157.2,471.6
243,9,3,195.34,586.02
244,8,1,224.7,224.7
244,40,1,234.93,234.93
244,23,2,219.45,438.9
245,34,1,132.47,132.47
245,22,1,123.4,123.4
245,48,3,73.35,220.05
245,17,4,200.77,803.08
245,35,3,175.47,526.41
246,64,5,202.18,1010.9
246,59,3,96.01,288.03
247,14,5,87.57,437.85
248,32,2,220.3,440.6
248,6,2,272.18,544.36
248,61,1,33.34,33.34
248,47,5,82.62,413.1
248,50,4,122.1,488.4
249,10,5,202.18,1010.9
250,67,1,187.31,187.31
251,12,5,168.59,842.95
252,80,3,117.61,352.83
252,32,5,220.3,1101.5
252,60,4,56.97,227.88
253,4,1,126.77,126.77
253,30,3,17.89,53.67
253,70,1,25.74,25.74
253,45,4,231.48,925.92
254,63,1,261.47,261.47
255,67,4,187.31,749.24
255,53,1,208.07,208.07
255,48,5,73.35,366.75
256,73,1,36.13,36.13
257,51,3,85.37,256.11
258,14,4,87.57,350.28
258,20,3,157.2,471.6
258,22,4,123.4,493.6
258,58,1,136.94,136.94
259,16,1,20.19,20.19
260,12,2,168.59,337.18
261,4,4,126.77,507.08
261,52,1,168.92,168.92
261,58,2,136.94,273.88
261,72,1,255.33,255.33
261,71,1,165.35,165.35
261,32,1,220.3,220.3
261,13,2,195.57,391.14
262,11,1,115.12,115.12
262,75,1,117.26,117.26
262,76,1,241.18,241.18
262,34,2,132.47,264.94
263,43,4,182.43,729.72
263,16,1,20.19,20.19
263,6,2,272.18,544.36
264,55,2,170.97,341.94
265,32,4,220.3,881.2
265,38,5,115.36,576.8
265,64,4,202.18,808.72
266,68,2,150.75,301.5
267,63,5,261.47,1307.35
267,45,5,231.48,1157.4
268,36,2,177.6,355.2
268,8,2,224.7,449.4
268,61,1,33.34,33.34
268,68,2,150.75,301.5
268,46,2,202.58,405.16
268,75,3,117.26,351.78
269,46,5,202.58,1012.9
269,23,3,219.45,658.35
269,31,3,220.38,661.14
270,73,4,36.13,144.52
270,19,5,229.34,1146.7
270,25,3,168.05,504.15
271,3,4,182.47,729.88
271,68,1,150.75,150.75
272,42,2,20.7,41.4
272,8,1,224.7,224.7
272,3,5,182.47,912.35
272,19,3,229.34,688.02
272,76,1,241.18,241.18
273,21,4,236.89,947.56
274,72,3,255.33,765.99
274,79,2,65.96,131.92
275,1,5,117.68,588.4
276,79,1,65.96,65.96
276,29,4,56.07,224.28
276,73,2,36.13,72.26
277,12,2,168.59,337.18
277,43,2,182.43,364.86
277,58,1,136.94,136.94
277,2,3,272.11,816.33
277,34,3,132.47,397.41
278,22,4,123.4,493.6
278,53,3,208.07,624.21
278,64,5,202.18,1010.9
279,21,1,236.89,236.89
279,58,3,136.94,410.82
279,10,1,202.18,202.18
280,10,5,202.18,1010.9
281,4,5,126.77,633.85
281,56,4,22.88,91.52
281,22,2,123.4,246.8
282,71,5,165.35,826.75
283,71,4,165.35,661.4
284,77,4,178.23,712.92
285,11,4,115.12,460.48
286,34,4,132.47,529.88
286,12,2,168.59,337.18
286,70,3,25.74,77.22
287,60,3,56.97,170.91
288,13,3,195.57,586.71
288,11,5,115.12,575.6
289,67,4,187.31,749.24
290,5,5,136.91,684.55
291,58,2,136.94,273.88
292,56,2,22.88,45.76
293,9,5,195.34,976.7
293,12,4,168.59,674.36
293,50,5,122.1,610.5
294,76,4,241.18,964.72
294,67,2,187.31,374.62
294,54,2,144.1,288.2
294,15,5,102.94,514.7
295,37,5,181.31,906.55
296,78,4,150.02,600.08
297,52,4,168.92,675.68
297,5,3,136.91,410.73
298,44,3,182.79,548.37
298,39,3,193.11,579.33
299,57,4,84.84,339.36
299,42,5,20.7,103.5
299,35,1,175.47,175.47
300,48,5,73.35,366.75
300,8,2,224.7,449.4
301,73,2,36.13,72.26
301,4,2,126.77,253.54
301,23,1,219.45,219.45
302,36,4,177.6,710.4
302,48,5,73.35,366.75
303,77,4,178.23,712.92
304,34,1,132.47,132.47
304,12,4,168.59,674.36
304,37,1,181.31,181.31
305,35,5,175.47,877.35
305,53,1,208.07,208.07
306,2,3,272.11,816.33
306,29,5,56.07,280.35
307,59,4,96.01,384.04
307,33,3,35.06,105.18
307,28,5,191.9,959.5
308,48,5,73.35,366.75
308,72,5,255.33,1276.65
309,34,2,132.47,264.94
309,39,5,193.11,965.55
309,25,2,168.05,336.1
310,4,4,126.77,507.08
311,74,3,185.93,557.79
311,25,2,168.05,336.1
312,72,2,255.33,510.66
313,24,1,263.59,263.59
313,43,2,182.43,364.86
314,38,1,115.36,115.36
314,60,4,56.97,227.88
315,25,5,168.05,840.25
316,20,3,157.2,471.6
316,18,4,80.78,323.12
316,26,5,36.51,182.55
317,11,4,115.12,460.48
318,22,5,123.4,617.0
319,55,4,170.97,683.88
320,48,1,73.35,73.35
321,32,2,220.3,440.6
322,6,3,272.18,816.54
323,18,4,80.78,323.12
323,44,3,182.79,548.37
324,17,2,200.77,401.54
325,5,3,136.91,410.73
325,49,5,162.16,810.8
326,7,4,177.69,710.76
326,15,4,102.94,411.76
326,54,1,144.1,144.1
327,2,4,272.11,1088.44
327,39,1,193.11,193.11
328,14,4,87.57,350.28
328,66,2,10.86,21.72
328,16,5,20.19,100.95
328,37,2,181.31,362.62
328,15,3,102.94,308.82
328,80,5,117.61,588.05
329,27,4,89.16,356.64
330,64,1,202.18,202.18
330,20,3,157.2,471.6
330,12,2,168.59,337.18
330,66,4,10.86,43.44
330,10,3,202.18,606.54
331,38,4,115.36,461.44
331,47,1,82.62,82.62
331,41,1,194.51,194.51
332,46,4,202.58,810.32
333,52,4,168.92,675.68
334,22,1,123.4,123.4
334,15,2,102.94,205.88
334,17,1,200.77,200.77
335,49,3,162.16,486.48
336,53,4,208.07,832.28
337,68,5,150.75,753.75
337,74,2,185.93,371.86
338,32,4,220.3,881.2
338,62,2,56.97,113.94
338,45,5,231.48,1157.4
339,61,4,33.34,133.36
340,36,1,177.6,177.6
341,11,4,115.12,460.48
341,59,5,96.01,480.05
342,3,4,182.47,729.88
342,14,1,87.57,87.57
342,52,5,168.92,844.6
343,66,2,10.86,21.72
343,72,4,255.33,1021.32
344,77,1,178.23,178.23
344,61,2,33.34,66.68
344,47,1,82.62,82.62
344,58,3,136.94,410.82
344,15,3,102.94,308.82
345,6,4,272.18,1088.72
345,22,2,123.4,246.8
346,51,2,85.37,170.74
347,76,1,241.18,241.18
348,64,5,202.18,1010.9
348,1,1,117.68,117.68
349,23,1,219.45,219.45
349,75,4,117.26,469.04
349,17,5,200.77,1003.85
350,32,4,220.3,881.2
350,36,3,177.6,532.8
351,39,5,193.11,965.55
351,71,2,165.35,330.7
351,41,2,194.51,389.02
352,23,5,219.45,1097.25
352,65,3,88.02,264.06
353,54,5,144.1,720.5
353,69,1,40.64,40.64
353,37,1,181.31,181.31
353,55,4,170.97,683.88
353,2,2,272.11,544.22
354,37,3,181.31,543.93
355,58,1,136.94,136.94
356,66,3,10.86,32.58
357,71,2,165.35,330.7
357,7,5,177.69,888.45
357,2,4,272.11,1088.44
357,33,2,35.06,70.12
358,25,4,168.05,672.2
358,38,2,115.36,230.72
359,36,5,177.6,888.0
360,60,2,56.97,113.94
361,79,5,65.96,329.8
361,39,5,193.11,965.55
361,63,3,261.47,784.41
362,65,4,88.02,352.08
362,21,5,236.89,1184.45
363,43,3,182.43,547.29
364,2,4,272.11,1088.44
364,15,2,102.94,205.88
364,45,5,231.48,1157.4
365,15,4,102.94,411.76
366,48,4,73.35,293.4
366,66,1,10.86,10.86
366,58,3,136.94,410.82
367,22,1,123.4,123.4
367,69,2,40.64,81.28
367,1,2,117.68,235.36
368,56,2,22.88,45.76
368,10,1,202.18,202.18
369,33,5,35.06,175.3
370,52,4,168.92,675.68
371,75,3,117.26,351.78
371,6,5,272.18,1360.9
371,10,1,202.18,202.18
372,4,4,126.77,507.08
373,70,3,25.74,77.22
373,38,3,115.36,346.08
373,19,1,229.34,229.34
374,51,5,85.37,426.85
374,69,1,40.64,40.64
375,21,5,236.89,1184.45
375,24,3,263.59,790.77
375,29,2,56.07,112.14
376,71,3,165.35,496.05
376,60,1,56.97,56.97
376,10,3,202.18,606.54
377,31,1,220.38,220.38
378,40,2,234.93,469.86
378,75,5,117.26,586.3
379,29,4,56.07,224.28
380,46,3,202.58,607.74
381,36,2,177.6,355.2
382,10,5,202.18,1010.9
382,3,1,182.47,182.47
383,5,5,136.91,684.55
384,51,2,85.37,170.74
385,51,3,85.37,256.11
386,18,2,80.78,161.56
386,58,5,136.94,684.7
386,21,5,236.89,1184.45
387,30,1,17.89,17.89
388,6,3,272.18,816.54
388,42,5,20.7,103.5
388,14,5,87.57,437.85
388,67,5,187.31,936.55
388,36,2,177.6,355.2
389,10,2,202.18,404.36
389,67,5,187.31,936.55
389,33,4,35.06,140.24
389,49,3,162.16,486.48
390,18,4,80.78,323.12
391,24,2,263.59,527.18
392,15,5,102.94,514.7
392,62,2,56.97,113.94
392,27,4,89.16,356.64
393,66,1,10.86,10.86
394,67,5,187.31,936.55
394,52,1,168.92,168.92
394,77,3,178.23,534.69
395,22,5,123.4,617.0
395,29,2,56.07,112.14
395,53,5,208.07,1040.35
396,59,1,96.01,96.01
396,77,2,178.23,356.46
396,76,4,241.18,964.72
397,65,5,88.02,440.1
397,54,1,144.1,144.1
397,20,2,157.2,314.4
398,62,2,56.97,113.94
399,56,3,22.88,68.64
399,67,1,187.31,187.31
399,54,5,144.1,720.5
400,74,2,185.93,371.86
400,13,3,195.57,586.71
400,55,4,170.97,683.88
401,33,1,35.06,35.06
401,25,1,168.05,168.05
402,41,3,194.51,583.53
402,53,1,208.07,208.07
403,73,3,36.13,108.39
404,62,5,56.97,284.85
404,23,5,219.45,1097.25
404,48,4,73.35,293.4
405,18,1,80.78,80.78
406,66,4,10.86,43.44
407,21,1,236.89,236.89
407,50,2,122.1,244.2
407,1,4,117.68,470.72
408,11,5,115.12,575.6
409,77,1,178.23,178.23
410,67,1,187.31,187.31
410,37,5,181.31,906.55
410,25,5,168.05,840.25
411,1,2,117.68,235.36
412,26,5,36.51,182.55
413,75,2,117.26,234.52
413,45,5,231.48,1157.4
413,36,2,177.6,355.2
414,14,5,87.57,437.85
415,33,3,35.06,105.18
415,69,4,40.64,162.56
415,74,4,185.93,743.72
416,59,5,96.01,480.05
417,29,2,56.07,112.14
418,34,2,132.47,264.94
419,23,3,219.45,658.35
419,61,3,33.34,100.02
420,25,2,168.05,336.1
420,64,2,202.18,404.36
421,80,1,117.61,117.61
421,46,1,202.58,202.58
421,20,1,157.2,157.2
422,41,5,194.51,972.55
422,64,3,202.18,606.54
423,17,4,200.77,803.08
423,7,4,177.69,710.76
423,68,5,150.75,753.75
424,59,4,96.01,384.04
424,16,3,20.19,60.57
424,67,1,187.31,187.31
425,34,2,132.47,264.94
426,47,4,82.62,330.48
426,24,4,263.59,1054.36
427,24,5,263.59,1317.95
428,72,2,255.33,510.66
428,56,2,22.88,45.76
428,49,2,162.16,324.32
429,67,4,187.31,749.24
429,69,3,40.64,121.92
429,41,3,194.51,583.53
430,28,3,191.9,575.7
431,47,5,82.62,413.1
432,78,2,150.02,300.04
433,42,5,20.7,103.5
434,19,2,229.34,458.68
435,11,2,115.12,230.24
435,21,3,236.89,710.67
435,44,3,182.79,548.37
436,47,5,82.62,413.1
437,31,3,220.38,661.14
438,61,5,33.34,166.7
439,34,5,132.47,662.35
440,57,2,84.84,169.68
440,17,5,200.77,1003.85
441,42,5,20.7,103.5
441,61,3,33.34,100.02
441,60,5,56.97,284.85
442,73,5,36.13,180.65
442,56,5,22.88,114.4
443,34,3,132.47,397.41
443,20,1,157.2,157.2
444,63,3,261.47,784.41
444,62,1,56.97,56.97
445,48,2,73.35,146.7
446,50,2,122.1,244.2
446,49,3,162.16,486.48
447,35,3,175.47,526.41
447,37,4,181.31,725.24
447,69,2,40.64,81.28
448,80,3,117.61,352.83
448,58,5,136.94,684.7
449,3,3,182.47,547.41
449,24,2,263.59,527.18
449,14,4,87.57,350.28
449,37,1,181.31,181.31
450,40,4,234.93,939.72
451,19,4,229.34,917.36
451,8,1,224.7,224.7
451,35,5,175.47,877.35
452,16,4,20.19,80.76
452,32,2,220.3,440.6
452,50,1,122.1,122.1
453,50,3,122.1,366.3
454,39,2,193.11,386.22
455,2,2,272.11,544.22
456,6,5,272.18,1360.9
457,64,1,202.18,202.18
458,14,3,87.57,262.71
458,17,5,200.77,1003.85
458,63,3,261.47,784.41
458,30,4,17.89,71.56
459,33,4,35.06,140.24
459,6,4,272.18,1088.72
460,70,3,25.74,77.22
461,20,4,157.2,628.8
462,24,5,263.59,1317.95
462,3,3,182.47,547.41
463,69,2,40.64,81.28
463,50,5,122.1,610.5
464,15,1,102.94,102.94
464,13,2,195.57,391.14
464,67,2,187.31,374.62
464,9,1,195.34,195.34
465,50,4,122.1,488.4
466,10,2,202.18,404.36
466,2,4,272.11,1088.44
467,54,3,144.1,432.3
468,39,1,193.11,193.11
469,25,2,168.05,336.1
470,72,4,255.33,1021.32
471,55,2,170.97,341.94
471,14,2,87.57,175.14
472,77,4,178.23,712.92
473,48,4,73.35,293.4
474,70,2,25.74,51.48
475,51,1,85.37,85.37
475,1,3,117.68,353.04
476,39,2,193.11,386.22
477,66,5,10.86,54.3
477,72,2,255.33,510.66
477,74,1,185.93,185.93
478,75,2,117.26,234.52
479,28,3,191.9,575.7
479,10,4,202.18,808.72
480,74,4,185.93,743.72
481,16,2,20.19,40.38
482,40,5,234.93,1174.65
483,29,1,56.07,56.07
483,20,4,157.2,628.8
484,51,2,85.37,170.74
485,52,3,168.92,506.76
486,18,4,80.78,323.12
487,79,5,65.96,329.8
488,74,1,185.93,185.93
489,77,1,178.23,178.23
490,57,4,84.84,339.36
490,80,1,117.61,117.61
490,19,2,229.34,458.68
491,7,2,177.69,355.38
492,40,1,234.93,234.93
492,58,3,136.94,410.82
492,61,2,33.34,66.68
493,71,2,165.35,330.7
493,62,1,56.97,56.97
493,80,4,117.61,470.44
494,80,3,117.61,352.83
495,47,1,82.62,82.62
496,13,4,195.57,782.28
496,41,5,194.51,972.55
497,3,1,182.47,182.47
498,3,3,182.47,547.41
498,45,3,231.48,694.44
499,4,2,126.77,253.54
499,72,2,255.33,510.66
499,36,3,177.6,532.8
500,79,2,65.96,131.92
501,78,3,150.02,450.06
502,26,3,36.51,109.53
502,18,5,80.78,403.9
503,21,1,236.89,236.89
503,41,5,194.51,972.55
504,4,3,126.77,380.31
505,36,1,177.6,177.6
505,20,2,157.2,314.4
505,25,2,168.05,336.1
506,30,2,17.89,35.78
507,78,2,150.02,300.04
507,61,4,33.34,133.36
507,48,4,73.35,293.4
508,2,3,272.11,816.33
509,57,3,84.84,254.52
509,79,4,65.96,263.84
509,63,2,261.47,522.94
510,41,4,194.51,778.04
511,5,1,136.91,136.91
511,67,4,187.31,749.24
512,6,5,272.18,1360.9
512,72,1,255.33,255.33
512,50,2,122.1,244.2
513,38,5,115.36,576.8
514,12,1,168.59,168.59
514,65,2,88.02,176.04
515,4,2,126.77,253.54
516,21,1,236.89,236.89
517,50,5,122.1,610.5
517,66,2,10.86,21.72
518,73,2,36.13,72.26
518,20,2,157.2,314.4
518,21,1,236.89,236.89
519,24,1,263.59,263.59
520,59,4,96.01,384.04
521,28,4,191.9,767.6
521,76,4,241.18,964.72
522,71,3,165.35,496.05
523,45,1,231.48,231.48
524,7,2,177.69,355.38
524,14,2,87.57,175.14
524,54,3,144.1,432.3
525,75,3,117.26,351.78
526,9,1,195.34,195.34
526,55,3,170.97,512.91
526,71,4,165.35,661.4
527,27,1,89.16,89.16
527,79,1,65.96,65.96
528,37,5,181.31,906.55
528,55,3,170.97,512.91
529,73,4,36.13,144.52
530,30,1,17.89,17.89
530,38,1,115.36,115.36
530,25,1,168.05,168.05
531,54,3,144.1,432.3
531,53,3,208.07,624.21
531,6,5,272.18,1360.9
532,33,3,35.06,105.18
532,9,5,195.34,976.7
532,40,5,234.93,1174.65
533,4,3,126.77,380.31
533,23,3,219.45,658.35
533,25,4,168.05,672.2
534,59,5,96.01,480.05
535,67,3,187.31,561.93
536,43,3,182.43,547.29
537,69,2,40.64,81.28
538,40,1,234.93,234.93
538,41,3,194.51,583.53
539,39,3,193.11,579.33
539,28,2,191.9,383.8
539,68,1,150.75,150.75
540,62,5,56.97,284.85
541,42,2,20.7,41.4
542,5,4,136.91,547.64
543,77,1,178.23,178.23
544,74,3,185.93,557.79
545,16,2,20.19,40.38
545,35,3,175.47,526.41
545,20,1,157.2,157.2
546,71,3,165.35,496.05
546,41,2,194.51,389.02
547,57,2,84.84,169.68
547,7,1,177.69,177.69
548,23,5,219.45,1097.25
548,77,4,178.23,712.92
549,69,4,40.64,162.56
549,11,5,115.12,575.6
550,60,2,56.97,113.94
550,61,2,33.34,66.68
551,43,4,182.43,729.72
551,42,1,20.7,20.7
551,59,1,96.01,96.01
552,45,5,231.48,1157.4
553,14,5,87.57,437.85
553,42,1,20.7,20.7
554,80,2,117.61,235.22
555,76,4,241.18,964.72
556,10,5,202.18,1010.9
557,13,4,195.57,782.28
558,77,3,178.23,534.69
558,49,4,162.16,648.64
559,1,4,117.68,470.72
559,19,5,229.34,1146.7
559,20,3,157.2,471.6
560,41,3,194.51,583.53
560,39,4,193.11,772.44
560,73,3,36.13,108.39
561,17,3,200.77,602.31
562,46,3,202.58,607.74
562,15,1,102.94,102.94
563,49,4,162.16,648.64
564,47,4,82.62,330.48
565,19,4,229.34,917.36
565,63,2,261.47,522.94
566,55,2,170.97,341.94
566,80,4,117.61,470.44
567,55,5,170.97,854.85
568,53,5,208.07,1040.35
568,70,3,25.74,77.22
569,62,1,56.97,56.97
570,79,2,65.96,131.92
570,12,4,168.59,674.36
571,2,4,272.11,1088.44
572,38,3,115.36,346.08
573,61,5,33.34,166.7
574,80,3,117.61,352.83
574,4,4,126.77,507.08
575,17,5,200.77,1003.85
576,20,3,157.2,471.6
576,58,2,136.94,273.88
576,48,4,73.35,293.4
576,23,2,219.45,438.9
577,77,4,178.23,712.92
577,20,2,157.2,314.4
577,64,4,202.18,808.72
577,53,2,208.07,416.14
578,15,2,102.94,205.88
578,7,4,177.69,710.76
579,69,4,40.64,162.56
579,30,4,17.89,71.56
579,49,3,162.16,486.48
580,49,1,162.16,162.16
580,41,1,194.51,194.51
580,68,5,150.75,753.75
581,35,1,175.47,175.47
582,31,2,220.38,440.76
582,76,5,241.18,1205.9
583,13,5,195.57,977.85
584,5,1,136.91,136.91
585,77,5,178.23,891.15
585,16,2,20.19,40.38
585,12,4,168.59,674.36
586,60,1,56.97,56.97
587,33,3,35.06,105.18
587,21,1,236.89,236.89
587,10,4,202.18,808.72
588,57,1,84.84,84.84
589,70,4,25.74,102.96
590,10,1,202.18,202.18
591,1,1,117.68,117.68
592,66,4,10.86,43.44
592,63,4,261.47,1045.88
592,62,1,56.97,56.97
593,62,5,56.97,284.85
593,16,3,20.19,60.57
593,73,3,36.13,108.39
594,69,3,40.64,121.92
595,50,3,122.1,366.3
595,25,4,168.05,672.2
596,25,1,168.05,168.05
596,18,2,80.78,161.56
597,40,4,234.93,939.72
597,64,1,202.18,202.18
597,69,1,40.64,40.64
598,67,5,187.31,936.55
598,59,2,96.01,192.02
598,69,1,40.64,40.64
598,20,1,157.2,157.2
599,80,2,117.61,235.22
599,6,1,272.18,272.18
599,32,2,220.3,440.6
600,14,4,87.57,350.28
600,15,5,102.94,514.7
601,52,1,168.92,168.92
601,42,5,20.7,103.5
602,43,1,182.43,182.43
602,9,3,195.34,586.02
603,32,5,220.3,1101.5
604,3,1,182.47,182.47
604,63,1,261.47,261.47
604,11,2,115.12,230.24
605,61,2,33.34,66.68
605,17,2,200.77,401.54
606,5,2,136.91,273.82
606,77,4,178.23,712.92
607,25,5,168.05,840.25
607,16,1,20.19,20.19
608,27,2,89.16,178.32
608,36,1,177.6,177.6
608,7,2,177.69,355.38
609,27,3,89.16,267.48
609,56,3,22.88,68.64
610,23,4,219.45,877.8
610,21,5,236.89,1184.45
610,4,1,126.77,126.77
611,42,2,20.7,41.4
612,26,1,36.51,36.51
612,49,4,162.16,648.64
612,29,5,56.07,280.35
613,23,3,219.45,658.35
613,50,2,122.1,244.2
614,73,1,36.13,36.13
615,38,5,115.36,576.8
616,12,4,168.59,674.36
616,53,2,208.07,416.14
616,67,5,187.31,936.55
617,32,4,220.3,881.2
617,42,5,20.7,103.5
618,6,1,272.18,272.18
619,13,4,195.57,782.28
620,53,2,208.07,416.14
620,28,3,191.9,575.7
621,74,1,185.93,185.93
621,75,4,117.26,469.04
622,60,1,56.97,56.97
623,5,3,136.91,410.73
624,11,1,115.12,115.12
624,80,5,117.61,588.05
624,43,3,182.43,547.29
625,47,5,82.62,413.1
625,23,1,219.45,219.45
626,62,5,56.97,284.85
627,55,3,170.97,512.91
628,16,5,20.19,100.95
628,61,5,33.34,166.7
629,9,4,195.34,781.36
629,25,1,168.05,168.05
630,22,3,123.4,370.2
631,3,4,182.47,729.88
631,38,5,115.36,576.8
632,3,2,182.47,364.94
632,38,1,115.36,115.36
633,42,5,20.7,103.5
633,63,5,261.47,1307.35
634,40,2,234.93,469.86
635,7,2,177.69,355.38
636,24,2,263.59,527.18
636,23,2,219.45,438.9
636,20,1,157.2,157.2
637,27,5,89.16,445.8
638,39,1,193.11,193.11
639,41,5,194.51,972.55
639,20,5,157.2,786.0
639,1,3,117.68,353.04
640,19,3,229.34,688.02
640,73,1,36.13,36.13
640,57,4,84.84,339.36
641,52,5,168.92,844.6
642,25,5,168.05,840.25
643,58,5,136.94,684.7
643,12,4,168.59,674.36
644,47,4,82.62,330.48
644,51,3,85.37,256.11
644,19,4,229.34,917.36
645,72,4,255.33,1021.32
645,12,4,168.59,674.36
645,28,4,191.9,767.6
646,12,2,168.59,337.18
646,19,3,229.34,688.02
647,49,1,162.16,162.16
647,12,4,168.59,674.36
648,18,4,80.78,323.12
648,26,3,36.51,109.53
648,24,5,263.59,1317.95
649,60,1,56.97,56.97
649,29,1,56.07,56.07
650,37,4,181.31,725.24
651,9,5,195.34,976.7
652,61,5,33.34,166.7
652,16,1,20.19,20.19
652,48,3,73.35,220.05
652,66,2,10.86,21.72
653,46,1,202.58,202.58
653,21,3,236.89,710.67
654,10,2,202.18,404.36
654,66,2,10.86,21.72
655,39,3,193.11,579.33
656,67,3,187.31,561.93
657,28,2,191.9,383.8
658,68,1,150.75,150.75
658,69,4,40.64,162.56
658,71,4,165.35,661.4
659,40,3,234.93,704.79
660,16,2,20.19,40.38
661,11,4,115.12,460.48
662,14,1,87.57,87.57
663,9,3,195.34,586.02
664,24,3,263.59,790.77
664,45,5,231.48,1157.4
664,4,3,126.77,380.31
664,12,3,168.59,505.77
664,19,2,229.34,458.68
665,75,1,117.26,117.26
666,1,2,117.68,235.36
666,13,5,195.57,977.85
667,14,2,87.57,175.14
668,15,3,102.94,308.82
669,37,1,181.31,181.31
669,72,3,255.33,765.99
669,6,4,272.18,1088.72
670,57,2,84.84,169.68
671,61,3,33.34,100.02
672,11,1,115.12,115.12
673,22,1,123.4,123.4
674,16,4,20.19,80.76
674,30,3,17.89,53.67
674,55,5,170.97,854.85
675,52,5,168.92,844.6
675,63,3,261.47,784.41
676,18,1,80.78,80.78
677,49,2,162.16,324.32
677,78,3,150.02,450.06
677,42,5,20.7,103.5
678,60,4,56.97,227.88
678,26,4,36.51,146.04
678,38,5,115.36,576.8
679,5,4,136.91,547.64
679,56,4,22.88,91.52
679,16,3,20.19,60.57
680,39,2,193.11,386.22
681,15,4,102.94,411.76
681,73,5,36.13,180.65
682,51,5,85.37,426.85
682,34,4,132.47,529.88
682,64,5,202.18,1010.9
683,45,4,231.48,925.92
683,75,3,117.26,351.78
683,4,3,126.77,380.31
683,44,4,182.79,731.16
683,49,3,162.16,486.48
683,13,1,195.57,195.57
684,9,1,195.34,195.34
684,40,5,234.93,1174.65
684,15,3,102.94,308.82
684,44,1,182.79,182.79
684,22,4,123.4,493.6
685,76,5,241.18,1205.9
685,3,4,182.47,729.88
685,41,3,194.51,583.53
685,49,5,162.16,810.8
686,65,3,88.02,264.06
687,10,5,202.18,1010.9
688,29,5,56.07,280.35
689,73,5,36.13,180.65
690,39,3,193.11,579.33
690,65,4,88.02,352.08
691,71,5,165.35,826.75
691,24,2,263.59,527.18
691,3,5,182.47,912.35
692,79,5,65.96,329.8
692,56,1,22.88,22.88
693,39,4,193.11,772.44
694,37,2,181.31,362.62
695,4,2,126.77,253.54
696,5,2,136.91,273.82
697,71,1,165.35,165.35
697,23,4,219.45,877.8
698,9,4,195.34,781.36
699,18,1,80.78,80.78
699,31,5,220.38,1101.9
700,68,4,150.75,603.0
700,33,1,35.06,35.06
701,50,4,122.1,488.4
701,31,2,220.38,440.76
702,33,1,35.06,35.06
702,76,4,241.18,964.72
703,32,3,220.3,660.9
704,3,1,182.47,182.47
704,78,1,150.02,150.02
705,16,1,20.19,20.19
705,69,4,40.64,162.56
705,31,3,220.38,661.14
705,57,3,84.84,254.52
705,50,1,122.1,122.1
706,57,3,84.84,254.52
707,63,4,261.47,1045.88
708,13,5,195.57,977.85
708,21,1,236.89,236.89
708,34,3,132.47,397.41
709,7,4,177.69,710.76
709,24,2,263.59,527.18
710,15,2,102.94,205.88
710,21,5,236.89,1184.45
711,62,3,56.97,170.91
711,18,2,80.78,161.56
712,49,2,162.16,324.32
712,74,1,185.93,185.93
713,22,1,123.4,123.4
714,48,2,73.35,146.7
715,59,2,96.01,192.02
715,64,2,202.18,404.36
715,16,2,20.19,40.38
716,27,5,89.16,445.8
717,4,3,126.77,380.31
717,38,2,115.36,230.72
718,11,4,115.12,460.48
718,2,2,272.11,544.22
719,55,5,170.97,854.85
720,31,4,220.38,881.52
721,39,3,193.11,579.33
721,51,2,85.37,170.74
722,64,3,202.18,606.54
723,19,3,229.34,688.02
724,36,3,177.6,532.8
724,47,5,82.62,413.1
724,56,3,22.88,68.64
724,37,5,181.31,906.55
725,72,2,255.33,510.66
725,57,2,84.84,169.68
725,7,1,177.69,177.69
725,25,4,168.05,672.2
725,20,3,157.2,471.6
725,78,2,150.02,300.04
726,46,5,202.58,1012.9
727,16,3,20.19,60.57
727,45,2,231.48,462.96
727,12,2,168.59,337.18
727,27,5,89.16,445.8
728,1,5,117.68,588.4
728,68,2,150.75,301.5
729,4,3,126.77,380.31
729,37,5,181.31,906.55
729,16,1,20.19,20.19
729,51,3,85.37,256.11
730,59,5,96.01,480.05
730,35,1,175.47,175.47
731,73,3,36.13,108.39
731,17,1,200.77,200.77
731,28,1,191.9,191.9
731,7,5,177.69,888.45
731,37,5,181.31,906.55
732,52,2,168.92,337.84
732,12,2,168.59,337.18
732,3,4,182.47,729.88
733,16,4,20.19,80.76
733,39,3,193.11,579.33
733,63,5,261.47,1307.35
734,50,4,122.1,488.4
735,56,1,22.88,22.88
735,55,1,170.97,170.97
736,20,5,157.2,786.0
736,64,5,202.18,1010.9
737,39,3,193.11,579.33
737,20,2,157.2,314.4
737,17,5,200.77,1003.85
738,66,4,10.86,43.44
738,14,1,87.57,87.57
738,55,4,170.97,683.88
739,60,2,56.97,113.94
740,39,4,193.11,772.44
740,41,5,194.51,972.55
740,76,3,241.18,723.54
740,59,3,96.01,288.03
741,34,5,132.47,662.35
741,14,1,87.57,87.57
741,56,1,22.88,22.88
742,52,5,168.92,844.6
743,51,1,85.37,85.37
743,39,2,193.11,386.22
744,25,2,168.05,336.1
744,4,4,126.77,507.08
745,12,4,168.59,674.36
745,39,2,193.11,386.22
746,57,4,84.84,339.36
747,51,1,85.37,85.37
748,64,5,202.18,1010.9
748,75,5,117.26,586.3
749,63,1,261.47,261.47
749,30,5,17.89,89.45
750,54,4,144.1,576.4
751,37,2,181.31,362.62
752,44,4,182.79,731.16
752,78,2,150.02,300.04
753,47,2,82.62,165.24
753,61,5,33.34,166.7
754,21,5,236.89,1184.45
755,7,1,177.69,177.69
756,65,3,88.02,264.06
756,5,4,136.91,547.64
756,9,1,195.34,195.34
757,44,3,182.79,548.37
758,66,1,10.86,10.86
758,78,4,150.02,600.08
758,14,4,87.57,350.28
759,14,1,87.57,87.57
759,72,2,255.33,510.66
759,6,1,272.18,272.18
759,65,2,88.02,176.04
760,65,4,88.02,352.08
761,16,4,20.19,80.76
761,26,1,36.51,36.51
761,57,2,84.84,169.68
762,48,4,73.35,293.4
763,30,4,17.89,71.56
763,18,4,80.78,323.12
764,4,4,126.77,507.08
765,22,4,123.4,493.6
766,74,1,185.93,185.93
767,39,3,193.11,579.33
767,41,1,194.51,194.51
768,58,5,136.94,684.7
768,27,5,89.16,445.8
768,70,4,25.74,102.96
769,50,3,122.1,366.3
769,17,2,200.77,401.54
769,67,1,187.31,187.31
769,70,5,25.74,128.7
770,4,5,126.77,633.85
771,15,3,102.94,308.82
771,8,5,224.7,1123.5
771,48,3,73.35,220.05
772,59,5,96.01,480.05
772,44,5,182.79,913.95
772,31,5,220.38,1101.9
773,74,4,185.93,743.72
773,18,5,80.78,403.9
774,47,4,82.62,330.48
775,17,4,200.77,803.08
776,72,5,255.33,1276.65
777,57,4,84.84,339.36
777,63,2,261.47,522.94
778,66,5,10.86,54.3
779,72,3,255.33,765.99
780,6,5,272.18,1360.9
781,63,1,261.47,261.47
782,40,2,234.93,469.86
782,37,4,181.31,725.24
782,28,1,191.9,191.9
783,74,5,185.93,929.65
783,40,4,234.93,939.72
784,17,5,200.77,1003.85
784,18,4,80.78,323.12
785,80,5,117.61,588.05
786,57,3,84.84,254.52
787,72,5,255.33,1276.65
787,16,1,20.19,20.19
788,67,5,187.31,936.55
788,25,1,168.05,168.05
788,61,1,33.34,33.34
789,75,5,117.26,586.3
789,57,3,84.84,254.52
789,11,4,115.12,460.48
789,69,5,40.64,203.2
790,68,3,150.75,452.25
791,37,2,181.31,362.62
791,19,3,229.34,688.02
792,8,3,224.7,674.1
792,79,2,65.96,131.92
793,42,3,20.7,62.1
794,31,5,220.38,1101.9
794,64,5,202.18,1010.9
795,9,1,195.34,195.34
795,62,4,56.97,227.88
796,72,2,255.33,510.66
797,19,5,229.34,1146.7
797,48,4,73.35,293.4
797,70,5,25.74,128.7
797,22,4,123.4,493.6
797,32,1,220.3,220.3
798,62,3,56.97,170.91
799,66,3,10.86,32.58
800,16,2,20.19,40.38
801,41,3,194.51,583.53
801,44,4,182.79,731.16
802,18,1,80.78,80.78
802,1,1,117.68,117.68
802,78,2,150.02,300.04
802,61,4,33.34,133.36
803,10,1,202.18,202.18
803,69,4,40.64,162.56
804,2,1,272.11,272.11
805,36,2,177.6,355.2
805,46,1,202.58,202.58
806,47,4,82.62,330.48
806,5,5,136.91,684.55
806,36,2,177.6,355.2
807,64,5,202.18,1010.9
807,22,2,123.4,246.8
808,73,2,36.13,72.26
809,69,5,40.64,203.2
810,7,4,177.69,710.76
810,42,3,20.7,62.1
810,56,1,22.88,22.88
811,29,4,56.07,224.28
811,7,3,177.69,533.07
811,36,1,177.6,177.6
811,54,4,144.1,576.4
811,69,2,40.64,81.28
812,10,3,202.18,606.54
812,32,1,220.3,220.3
812,26,1,36.51,36.51
812,22,1,123.4,123.4
812,43,4,182.43,729.72
813,44,1,182.79,182.79
814,80,4,117.61,470.44
814,57,5,84.84,424.2
814,13,1,195.57,195.57
815,9,4,195.34,781.36
815,17,1,200.77,200.77
815,8,3,224.7,674.1
816,7,3,177.69,533.07
817,77,5,178.23,891.15
818,80,1,117.61,117.61
818,13,4,195.57,782.28
818,44,5,182.79,913.95
819,25,3,168.05,504.15
819,74,3,185.93,557.79
819,17,4,200.77,803.08
819,66,4,10.86,43.44
820,8,5,224.7,1123.5
820,17,4,200.77,803.08
820,40,5,234.93,1174.65
821,40,5,234.93,1174.65
822,31,5,220.38,1101.9
823,26,2,36.51,73.02
823,9,4,195.34,781.36
823,44,4,182.79,731.16
824,54,2,144.1,288.2
824,43,1,182.43,182.43
825,30,5,17.89,89.45
825,60,2,56.97,113.94
826,1,3,117.68,353.04
827,57,2,84.84,169.68
828,29,3,56.07,168.21
829,23,3,219.45,658.35
830,15,2,102.94,205.88
830,44,3,182.79,548.37
831,80,1,117.61,117.61
831,56,2,22.88,45.76
831,9,2,195.34,390.68
832,77,4,178.23,712.92
833,20,3,157.2,471.6
834,63,4,261.47,1045.88
834,27,5,89.16,445.8
834,11,1,115.12,115.12
835,67,4,187.31,749.24
836,64,3,202.18,606.54
836,61,5,33.34,166.7
837,26,4,36.51,146.04
838,74,3,185.93,557.79
838,21,5,236.89,1184.45
838,48,1,73.35,73.35
839,6,4,272.18,1088.72
840,48,4,73.35,293.4
841,11,3,115.12,345.36
842,30,1,17.89,17.89
842,13,3,195.57,586.71
842,16,1,20.19,20.19
843,36,2,177.6,355.2
844,39,3,193.11,579.33
845,2,2,272.11,544.22
845,61,4,33.34,133.36
845,66,2,10.86,21.72
846,60,1,56.97,56.97
846,44,3,182.79,548.37
847,72,1,255.33,255.33
848,64,3,202.18,606.54
848,46,2,202.58,405.16
849,3,5,182.47,912.35
850,73,4,36.13,144.52
850,78,2,150.02,300.04
850,74,4,185.93,743.72
850,51,1,85.37,85.37
851,58,3,136.94,410.82
852,78,4,150.02,600.08
853,27,2,89.16,178.32
854,53,4,208.07,832.28
855,50,2,122.1,244.2
855,27,3,89.16,267.48
855,17,4,200.77,803.08
856,26,5,36.51,182.55
857,9,4,195.34,781.36
858,59,1,96.01,96.01
858,60,1,56.97,56.97
858,74,3,185.93,557.79
859,23,4,219.45,877.8
860,73,4,36.13,144.52
860,13,1,195.57,195.57
861,9,4,195.34,781.36
861,28,5,191.9,959.5
861,64,1,202.18,202.18
862,58,2,136.94,273.88
863,60,4,56.97,227.88
864,42,5,20.7,103.5
864,60,2,56.97,113.94
864,63,4,261.47,1045.88
864,9,2,195.34,390.68
864,11,4,115.12,460.48
865,23,1,219.45,219.45
865,38,5,115.36,576.8
866,35,2,175.47,350.94
867,69,1,40.64,40.64
867,28,5,191.9,959.5
867,57,1,84.84,84.84
868,49,2,162.16,324.32
869,4,1,126.77,126.77
870,22,3,123.4,370.2
870,6,3,272.18,816.54
870,54,5,144.1,720.5
870,66,2,10.86,21.72
870,14,5,87.57,437.85
871,46,3,202.58,607.74
872,59,2,96.01,192.02
873,28,4,191.9,767.6
874,73,3,36.13,108.39
874,22,2,123.4,246.8
874,33,3,35.06,105.18
874,13,4,195.57,782.28
874,42,1,20.7,20.7
874,50,3,122.1,366.3
874,18,1,80.78,80.78
875,65,2,88.02,176.04
875,76,1,241.18,241.18
875,2,5,272.11,1360.55
876,80,2,117.61,235.22
876,11,3,115.12,345.36
876,8,4,224.7,898.8
877,57,2,84.84,169.68
877,43,3,182.43,547.29
878,4,2,126.77,253.54
878,30,5,17.89,89.45
878,43,1,182.43,182.43
878,44,2,182.79,365.58
878,32,2,220.3,440.6
879,9,1,195.34,195.34
879,63,2,261.47,522.94
879,25,2,168.05,336.1
880,27,1,89.16,89.16
880,31,4,220.38,881.52
880,65,4,88.02,352.08
881,74,4,185.93,743.72
882,57,4,84.84,339.36
883,3,1,182.47,182.47
883,49,3,162.16,486.48
883,55,5,170.97,854.85
884,40,4,234.93,939.72
885,26,2,36.51,73.02
885,20,1,157.2,157.2
886,51,3,85.37,256.11
887,5,1,136.91,136.91
888,45,3,231.48,694.44
888,66,1,10.86,10.86
888,63,4,261.47,1045.88
889,47,3,82.62,247.86
889,4,5,126.77,633.85
889,19,4,229.34,917.36
890,2,5,272.11,1360.55
890,15,1,102.94,102.94
890,12,5,168.59,842.95
890,50,2,122.1,244.2
890,51,4,85.37,341.48
891,49,4,162.16,648.64
891,76,1,241.18,241.18
891,40,1,234.93,234.93
892,40,1,234.93,234.93
893,68,3,150.75,452.25
893,54,4,144.1,576.4
894,24,5,263.59,1317.95
895,24,2,263.59,527.18
896,22,1,123.4,123.4
897,63,1,261.47,261.47
898,6,5,272.18,1360.9
898,13,1,195.57,195.57
898,28,4,191.9,767.6
899,55,3,170.97,512.91
900,49,1,162.16,162.16
900,79,3,65.96,197.88
901,18,5,80.78,403.9
901,4,1,126.77,126.77
902,58,5,136.94,684.7
903,42,2,20.7,41.4
903,3,5,182.47,912.35
903,47,4,82.62,330.48
903,6,4,272.18,1088.72
903,80,5,117.61,588.05
903,57,1,84.84,84.84
904,38,5,115.36,576.8
904,78,5,150.02,750.1
904,25,1,168.05,168.05
904,19,2,229.34,458.68
904,67,4,187.31,749.24
905,60,1,56.97,56.97
905,22,4,123.4,493.6
905,58,5,136.94,684.7
906,12,4,168.59,674.36
906,14,1,87.57,87.57
907,61,1,33.34,33.34
908,29,3,56.07,168.21
908,74,4,185.93,743.72
908,77,4,178.23,712.92
908,9,5,195.34,976.7
909,15,1,102.94,102.94
910,41,4,194.51,778.04
911,50,4,122.1,488.4
912,2,5,272.11,1360.55
913,29,4,56.07,224.28
914,5,1,136.91,136.91
914,77,3,178.23,534.69
914,41,5,194.51,972.55
914,40,4,234.93,939.72
914,65,2,88.02,176.04
915,27,2,89.16,178.32
916,21,4,236.89,947.56
916,3,4,182.47,729.88
916,71,3,165.35,496.05
916,51,4,85.37,341.48
916,44,4,182.79,731.16
917,71,4,165.35,661.4
918,39,4,193.11,772.44
919,27,5,89.16,445.8
919,28,1,191.9,191.9
919,26,2,36.51,73.02
919,2,4,272.11,1088.44
919,47,4,82.62,330.48
920,16,4,20.19,80.76
920,66,2,10.86,21.72
920,44,1,182.79,182.79
920,76,1,241.18,241.18
920,56,2,22.88,45.76
920,20,4,157.2,628.8
921,12,3,168.59,505.77
921,60,4,56.97,227.88
921,49,3,162.16,486.48
922,66,1,10.86,10.86
922,29,5,56.07,280.35
923,76,2,241.18,482.36
924,9,5,195.34,976.7
925,68,1,150.75,150.75
925,63,5,261.47,1307.35
926,27,2,89.16,178.32
926,16,5,20.19,100.95
927,74,2,185.93,371.86
928,39,3,193.11,579.33
929,67,3,187.31,561.93
930,46,5,202.58,1012.9
930,78,2,150.02,300.04
930,69,1,40.64,40.64
931,18,5,80.78,403.9
932,10,3,202.18,606.54
932,71,3,165.35,496.05
933,55,2,170.97,341.94
933,19,1,229.34,229.34
933,69,3,40.64,121.92
934,78,2,150.02,300.04
934,21,3,236.89,710.67
934,54,4,144.1,576.4
935,71,1,165.35,165.35
935,53,3,208.07,624.21
936,36,4,177.6,710.4
936,2,2,272.11,544.22
936,13,4,195.57,782.28
937,63,1,261.47,261.47
938,7,3,177.69,533.07
938,22,4,123.4,493.6
939,62,2,56.97,113.94
939,76,3,241.18,723.54
940,35,1,175.47,175.47
941,54,2,144.1,288.2
941,59,4,96.01,384.04
942,30,3,17.89,53.67
942,40,1,234.93,234.93
942,12,1,168.59,168.59
942,53,1,208.07,208.07
943,37,5,181.31,906.55
944,18,5,80.78,403.9
944,62,5,56.97,284.85
944,64,1,202.18,202.18
945,69,3,40.64,121.92
946,68,2,150.75,301.5
947,55,2,170.97,341.94
947,64,3,202.18,606.54
947,49,1,162.16,162.16
948,73,4,36.13,144.52
949,63,1,261.47,261.47
949,8,5,224.7,1123.5
949,46,4,202.58,810.32
950,13,4,195.57,782.28
950,56,2,22.88,45.76
951,1,2,117.68,235.36
951,20,4,157.2,628.8
951,33,4,35.06,140.24
952,35,4,175.47,701.88
952,14,4,87.57,350.28
953,26,1,36.51,36.51
954,5,2,136.91,273.82
954,21,4,236.89,947.56
955,17,4,200.77,803.08
955,42,2,20.7,41.4
955,52,1,168.92,168.92
955,65,1,88.02,88.02
956,31,1,220.38,220.38
957,63,1,261.47,261.47
958,32,1,220.3,220.3
958,36,3,177.6,532.8
959,65,5,88.02,440.1
960,36,2,177.6,355.2
961,7,4,177.69,710.76
962,44,4,182.79,731.16
963,35,3,175.47,526.41
964,7,3,177.69,533.07
965,24,3,263.59,790.77
966,71,3,165.35,496.05
966,17,3,200.77,602.31
966,43,5,182.43,912.15
967,50,1,122.1,122.1
968,76,2,241.18,482.36
969,39,2,193.11,386.22
969,61,5,33.34,166.7
970,33,3,35.06,105.18
970,72,3,255.33,765.99
971,65,1,88.02,88.02
972,73,1,36.13,36.13
973,10,5,202.18,1010.9
973,22,4,123.4,493.6
973,57,5,84.84,424.2
974,21,5,236.89,1184.45
975,68,3,150.75,452.25
975,34,2,132.47,264.94
976,19,3,229.34,688.02
977,27,5,89.16,445.8
978,11,5,115.12,575.6
979,2,3,272.11,816.33
979,46,2,202.58,405.16
979,29,3,56.07,168.21
980,33,5,35.06,175.3
980,78,2,150.02,300.04
981,51,4,85.37,341.48
981,20,2,157.2,314.4
982,24,4,263.59,1054.36
983,37,3,181.31,543.93
983,3,2,182.47,364.94
984,10,4,202.18,808.72
985,2,5,272.11,1360.55
986,6,2,272.18,544.36
987,2,5,272.11,1360.55
987,14,3,87.57,262.71
988,57,3,84.84,254.52
988,21,3,236.89,710.67
989,70,1,25.74,25.74
990,54,1,144.1,144.1
990,19,2,229.34,458.68
991,29,1,56.07,56.07
991,50,4,122.1,488.4
992,10,5,202.18,1010.9
993,68,3,150.75,452.25
994,80,3,117.61,352.83
994,37,1,181.31,181.31
995,1,2,117.68,235.36
996,62,1,56.97,56.97
997,17,2,200.77,401.54
998,53,5,208.07,1040.35
999,32,5,220.3,1101.5
999,50,4,122.1,488.4
999,54,5,144.1,720.5
1000,75,4,117.26,469.04
1001,27,1,89.16,89.16
1002,45,3,231.48,694.44
1003,54,2,144.1,288.2
1003,32,1,220.3,220.3
1003,27,2,89.16,178.32
1004,48,5,73.35,366.75
1004,7,1,177.69,177.69
1004,14,4,87.57,350.28
1005,32,1,220.3,220.3
1006,18,5,80.78,403.9
1007,2,1,272.11,272.11
1007,37,1,181.31,181.31
1007,15,5,102.94,514.7
1007,20,2,157.2,314.4
1008,59,3,96.01,288.03
1008,71,5,165.35,826.75
1009,12,5,168.59,842.95
1010,24,5,263.59,1317.95
1011,49,1,162.16,162.16
1011,22,3,123.4,370.2
1012,43,3,182.43,547.29
1012,4,2,126.77,253.54
1012,31,5,220.38,1101.9
1013,25,1,168.05,168.05
1013,71,2,165.35,330.7
1013,26,3,36.51,109.53
1014,6,1,272.18,272.18
1014,7,3,177.69,533.07
1014,41,1,194.51,194.51
1015,46,3,202.58,607.74
1015,17,4,200.77,803.08
1015,13,5,195.57,977.85
1016,76,1,241.18,241.18
1017,30,2,17.89,35.78
1018,67,2,187.31,374.62
1018,78,3,150.02,450.06
1018,44,3,182.79,548.37
1018,58,3,136.94,410.82
1019,27,5,89.16,445.8
1020,2,2,272.11,544.22
1021,22,2,123.4,246.8
1021,38,1,115.36,115.36
1022,61,4,33.34,133.36
1022,33,2,35.06,70.12
1023,53,5,208.07,1040.35
1024,41,1,194.51,194.51
1024,48,4,73.35,293.4
1025,8,1,224.7,224.7
1025,32,2,220.3,440.6
1025,72,1,255.33,255.33
1026,60,1,56.97,56.97
1027,24,1,263.59,263.59
1028,44,5,182.79,913.95
1029,20,4,157.2,628.8
1030,49,4,162.16,648.64
1030,8,4,224.7,898.8
1030,47,2,82.62,165.24
1031,23,1,219.45,219.45
1032,58,2,136.94,273.88
1032,54,3,144.1,432.3
1032,68,2,150.75,301.5
1033,22,4,123.4,493.6
1033,26,4,36.51,146.04
1033,45,4,231.48,925.92
1034,2,5,272.11,1360.55
1035,19,3,229.34,688.02
1035,42,1,20.7,20.7
1036,53,3,208.07,624.21
1037,75,1,117.26,117.26
1037,13,2,195.57,391.14
1038,49,2,162.16,324.32
1039,3,4,182.47,729.88
1039,39,4,193.11,772.44
1039,40,4,234.93,939.72
1039,65,3,88.02,264.06
1039,16,3,20.19,60.57
1039,64,5,202.18,1010.9
1040,48,2,73.35,146.7
1041,56,3,22.88,68.64
1042,79,5,65.96,329.8
1042,53,5,208.07,1040.35
1042,14,1,87.57,87.57
1042,64,4,202.18,808.72
1043,29,4,56.07,224.28
1044,45,4,231.48,925.92
1044,60,1,56.97,56.97
1044,53,3,208.07,624.21
1045,40,2,234.93,469.86
1045,54,1,144.1,144.1
1046,67,3,187.31,561.93
1046,77,3,178.23,534.69
1047,79,4,65.96,263.84
1048,23,3,219.45,658.35
1048,52,5,168.92,844.6
1049,16,5,20.19,100.95
1050,12,1,168.59,168.59
1051,80,5,117.61,588.05
1052,59,2,96.01,192.02
1052,46,2,202.58,405.16
1053,49,3,162.16,486.48
1053,34,1,132.47,132.47
1053,7,2,177.69,355.38
1054,34,2,132.47,264.94
1055,13,4,195.57,782.28
1056,27,4,89.16,356.64
1056,54,3,144.1,432.3
1057,5,3,136.91,410.73
1057,16,3,20.19,60.57
1058,16,5,20.19,100.95
1058,25,1,168.05,168.05
1059,47,1,82.62,82.62
1060,17,3,200.77,602.31
1061,64,4,202.18,808.72
1062,36,1,177.6,177.6
1062,51,5,85.37,426.85
1063,63,5,261.47,1307.35
1063,56,3,22.88,68.64
1063,58,3,136.94,410.82
1063,55,5,170.97,854.85
1064,9,4,195.34,781.36
1065,68,3,150.75,452.25
1066,24,3,263.59,790.77
1067,41,1,194.51,194.51
1068,42,2,20.7,41.4
1069,14,5,87.57,437.85
1070,41,4,194.51,778.04
1070,26,4,36.51,146.04
1070,7,1,177.69,177.69
1071,31,1,220.38,220.38
1071,74,3,185.93,557.79
1072,52,1,168.92,168.92
1073,61,1,33.34,33.34
1074,11,5,115.12,575.6
1075,59,4,96.01,384.04
1076,29,1,56.07,56.07
1077,56,1,22.88,22.88
1077,29,2,56.07,112.14
1077,22,3,123.4,370.2
1078,6,1,272.18,272.18
1079,49,2,162.16,324.32
1079,35,2,175.47,350.94
1080,75,4,117.26,469.04
1081,36,4,177.6,710.4
1081,42,2,20.7,41.4
1082,32,1,220.3,220.3
1082,27,1,89.16,89.16
1083,50,2,122.1,244.2
1084,66,4,10.86,43.44
1084,41,2,194.51,389.02
1084,40,5,234.93,1174.65
1085,80,5,117.61,588.05
1086,40,5,234.93,1174.65
1087,59,2,96.01,192.02
1088,71,1,165.35,165.35
1089,57,3,84.84,254.52
1089,35,1,175.47,175.47
1090,25,4,168.05,672.2
1091,14,1,87.57,87.57
1092,69,1,40.64,40.64
1093,35,2,175.47,350.94
1093,64,2,202.18,404.36
1093,27,3,89.16,267.48
1094,62,2,56.97,113.94
1094,40,2,234.93,469.86
1095,61,2,33.34,66.68
1095,55,1,170.97,170.97
1095,43,5,182.43,912.15
1095,3,3,182.47,547.41
1095,23,4,219.45,877.8
1095,34,5,132.47,662.35
1095,10,1,202.18,202.18
1096,38,2,115.36,230.72
1097,43,4,182.43,729.72
1098,59,1,96.01,96.01
1099,77,1,178.23,178.23
1099,62,3,56.97,170.91
1100,19,2,229.34,458.68
1100,46,5,202.58,1012.9
1100,64,4,202.18,808.72
1100,4,3,126.77,380.31
1101,70,2,25.74,51.48
1101,58,3,136.94,410.82
1101,68,3,150.75,452.25
1102,40,5,234.93,1174.65
1102,25,3,168.05,504.15
1102,6,5,272.18,1360.9
1102,75,1,117.26,117.26
1103,64,2,202.18,404.36
1103,19,5,229.34,1146.7
1103,60,3,56.97,170.91
1104,38,1,115.36,115.36
1105,63,3,261.47,784.41
1106,18,3,80.78,242.34
1107,12,3,168.59,505.77
1108,5,4,136.91,547.64
1109,13,3,195.57,586.71
1110,42,2,20.7,41.4
1110,75,2,117.26,234.52
1111,39,5,193.11,965.55
1112,56,2,22.88,45.76
1112,13,5,195.57,977.85
1113,55,4,170.97,683.88
1114,54,1,144.1,144.1
1115,80,5,117.61,588.05
1116,52,1,168.92,168.92
1117,14,3,87.57,262.71
1118,8,1,224.7,224.7
1119,67,5,187.31,936.55
1119,19,4,229.34,917.36
1120,1,2,117.68,235.36
1120,63,1,261.47,261.47
1120,80,1,117.61,117.61
1121,61,1,33.34,33.34
1122,52,4,168.92,675.68
1123,79,4,65.96,263.84
1123,16,2,20.19,40.38
1124,70,2,25.74,51.48
1125,64,4,202.18,808.72
1125,48,4,73.35,293.4
1125,36,1,177.6,177.6
1126,73,1,36.13,36.13
1126,50,5,122.1,610.5
1127,59,3,96.01,288.03
1128,45,4,231.48,925.92
1128,68,5,150.75,753.75
1129,59,3,96.01,288.03
1129,18,3,80.78,242.34
1130,78,5,150.02,750.1
1130,24,5,263.59,1317.95
1130,74,3,185.93,557.79
1131,9,2,195.34,390.68
1131,6,2,272.18,544.36
1131,4,1,126.77,126.77
1132,31,1,220.38,220.38
1132,14,5,87.57,437.85
1132,23,3,219.45,658.35
1132,50,1,122.1,122.1
1132,54,1,144.1,144.1
1132,9,1,195.34,195.34
1133,49,5,162.16,810.8
1133,18,5,80.78,403.9
1134,26,2,36.51,73.02
1135,13,1,195.57,195.57
1135,27,2,89.16,178.32
1136,44,5,182.79,913.95
1136,24,4,263.59,1054.36
1137,72,2,255.33,510.66
1138,73,5,36.13,180.65
1138,11,3,115.12,345.36
1138,17,1,200.77,200.77
1139,29,3,56.07,168.21
1140,21,5,236.89,1184.45
1140,37,5,181.31,906.55
1140,10,2,202.18,404.36
1141,15,5,102.94,514.7
1142,43,1,182.43,182.43
1143,8,1,224.7,224.7
1143,31,5,220.38,1101.9
1143,64,5,202.18,1010.9
1144,11,2,115.12,230.24
1144,71,3,165.35,496.05
1144,62,1,56.97,56.97
1145,62,3,56.97,170.91
1146,26,4,36.51,146.04
1146,69,1,40.64,40.64
1146,78,5,150.02,750.1
1147,55,5,170.97,854.85
1148,48,3,73.35,220.05
1148,46,4,202.58,810.32
1148,25,1,168.05,168.05
1149,69,5,40.64,203.2
1150,24,3,263.59,790.77
1151,38,2,115.36,230.72
1152,33,5,35.06,175.3
1153,47,5,82.62,413.1
1154,14,3,87.57,262.71
1154,7,4,177.69,710.76
1155,40,1,234.93,234.93
1155,71,3,165.35,496.05
1155,27,2,89.16,178.32
1156,3,3,182.47,547.41
1156,64,3,202.18,606.54
1156,5,5,136.91,684.55
1157,64,4,202.18,808.72
1157,3,4,182.47,729.88
1158,69,1,40.64,40.64
1158,7,5,177.69,888.45
1158,40,3,234.93,704.79
1159,4,5,126.77,633.85
1159,44,4,182.79,731.16
1160,37,4,181.31,725.24
1160,69,5,40.64,203.2
1160,60,5,56.97,284.85
1161,31,2,220.38,440.76
1162,32,5,220.3,1101.5
1163,78,1,150.02,150.02
1163,2,3,272.11,816.33
1164,2,4,272.11,1088.44
1165,8,5,224.7,1123.5
1166,34,3,132.47,397.41
1167,80,1,117.61,117.61
1168,75,5,117.26,586.3
1168,41,2,194.51,389.02
1168,6,1,272.18,272.18
1169,46,5,202.58,1012.9
1169,70,2,25.74,51.48
1169,6,3,272.18,816.54
1170,27,3,89.16,267.48
1171,19,3,229.34,688.02
1171,4,5,126.77,633.85
1172,38,5,115.36,576.8
1173,76,1,241.18,241.18
1174,66,2,10.86,21.72
1174,75,4,117.26,469.04
1174,45,5,231.48,1157.4
1175,10,5,202.18,1010.9
1175,29,5,56.07,280.35
1176,68,5,150.75,753.75
1176,7,4,177.69,710.76
1177,32,2,220.3,440.6
1177,43,4,182.43,729.72
1177,47,3,82.62,247.86
1178,47,5,82.62,413.1
1178,11,5,115.12,575.6
1178,46,1,202.58,202.58
1179,30,2,17.89,35.78
1179,73,5,36.13,180.65
1180,37,3,181.31,543.93
1181,26,2,36.51,73.02
1181,24,1,263.59,263.59
1181,59,4,96.01,384.04
1181,2,3,272.11,816.33
1182,56,2,22.88,45.76
1182,4,5,126.77,633.85
1182,22,5,123.4,617.0
1182,10,4,202.18,808.72
1183,38,1,115.36,115.36
1184,53,2,208.07,416.14
1184,58,5,136.94,684.7
1184,56,5,22.88,114.4
1184,38,1,115.36,115.36
1184,62,2,56.97,113.94
1184,18,1,80.78,80.78
1185,57,2,84.84,169.68
1186,7,5,177.69,888.45
1187,42,4,20.7,82.8
1188,27,1,89.16,89.16
1188,56,3,22.88,68.64
1188,67,3,187.31,561.93
1188,36,2,177.6,355.2
1188,74,1,185.93,185.93
1188,41,3,194.51,583.53
1189,78,2,150.02,300.04
1189,14,1,87.57,87.57
1189,30,2,17.89,35.78
1189,36,5,177.6,888.0
1190,70,5,25.74,128.7
1191,27,3,89.16,267.48
1192,15,1,102.94,102.94
1193,36,1,177.6,177.6
1194,66,1,10.86,10.86
1195,72,1,255.33,255.33
1195,5,2,136.91,273.82
1196,20,4,157.2,628.8
1197,12,1,168.59,168.59
1197,67,4,187.31,749.24
1197,28,1,191.9,191.9
1198,34,5,132.47,662.35
1199,24,3,263.59,790.77
1200,51,5,85.37,426.85
1200,77,4,178.23,712.92
1200,46,3,202.58,607.74
1201,32,1,220.3,220.3
1201,55,2,170.97,341.94
1202,62,4,56.97,227.88
1202,63,2,261.47,522.94
1202,77,1,178.23,178.23
1203,42,3,20.7,62.1
1204,7,3,177.69,533.07
1205,53,2,208.07,416.14
1206,79,5,65.96,329.8
1207,43,5,182.43,912.15
1207,46,1,202.58,202.58
1208,69,4,40.64,162.56
1209,28,5,191.9,959.5
1210,68,4,150.75,603.0
1210,14,4,87.57,350.28
1210,65,1,88.02,88.02
1211,32,1,220.3,220.3
1211,5,4,136.91,547.64
1211,35,4,175.47,701.88
1212,54,1,144.1,144.1
1212,3,5,182.47,912.35
1213,78,3,150.02,450.06
1214,59,2,96.01,192.02
1215,29,4,56.07,224.28
1216,32,1,220.3,220.3
1216,49,4,162.16,648.64
1217,74,1,185.93,185.93
1218,40,3,234.93,704.79
1219,63,5,261.47,1307.35
1220,73,2,36.13,72.26
1221,20,1,157.2,157.2
1222,70,4,25.74,102.96
1222,64,5,202.18,1010.9
1222,41,5,194.51,972.55
1222,31,1,220.38,220.38
1222,42,1,20.7,20.7
1222,60,4,56.97,227.88
1223,22,1,123.4,123.4
1223,26,4,36.51,146.04
1223,57,4,84.84,339.36
1223,15,2,102.94,205.88
1224,38,1,115.36,115.36
1225,73,3,36.13,108.39
1225,22,5,123.4,617.0
1225,19,2,229.34,458.68
1226,27,3,89.16,267.48
1227,41,4,194.51,778.04
1228,25,2,168.05,336.1
1229,21,3,236.89,710.67
1229,9,5,195.34,976.7
1230,37,4,181.31,725.24
1231,72,1,255.33,255.33
1231,70,5,25.74,128.7
1231,26,2,36.51,73.02
1232,67,5,187.31,936.55
1233,79,4,65.96,263.84
1234,79,2,65.96,131.92
1235,7,4,177.69,710.76
1235,18,4,80.78,323.12
1235,66,3,10.86,32.58
1235,57,3,84.84,254.52
1236,61,5,33.34,166.7
1236,46,3,202.58,607.74
1236,40,5,234.93,1174.65
1237,19,4,229.34,917.36
1237,56,4,22.88,91.52
1237,72,3,255.33,765.99
1238,60,5,56.97,284.85
1238,45,2,231.48,462.96
1238,55,4,170.97,683.88
1238,28,3,191.9,575.7
1238,79,2,65.96,131.92
1239,76,3,241.18,723.54
1240,36,4,177.6,710.4
1240,62,1,56.97,56.97
1241,61,4,33.34,133.36
1241,78,5,150.02,750.1
1241,59,1,96.01,96.01
1241,63,1,261.47,261.47
1241,23,3,219.45,658.35
1242,17,1,200.77,200.77
1242,11,1,115.12,115.12
1242,54,4,144.1,576.4
1243,79,3,65.96,197.88
1243,3,2,182.47,364.94
1243,43,5,182.43,912.15
1244,8,1,224.7,224.7
1245,6,3,272.18,816.54
1246,1,5,117.68,588.4
1246,40,3,234.93,704.79
1246,36,1,177.6,177.6
1247,24,1,263.59,263.59
1247,12,2,168.59,337.18
1247,80,3,117.61,352.83
1247,41,4,194.51,778.04
1247,76,1,241.18,241.18
1247,3,2,182.47,364.94
1247,22,3,123.4,370.2
1248,7,4,177.69,710.76
1249,35,4,175.47,701.88
1249,26,3,36.51,109.53
1249,23,1,219.45,219.45
1249,38,4,115.36,461.44
1249,34,3,132.47,397.41
1250,22,5,123.4,617.0
1250,5,4,136.91,547.64
1251,37,2,181.31,362.62
1252,34,5,132.47,662.35
1252,28,2,191.9,383.8
1252,60,4,56.97,227.88
1252,5,2,136.91,273.82
1252,15,4,102.94,411.76
1253,5,1,136.91,136.91
1253,42,3,20.7,62.1
1254,13,2,195.57,391.14
1255,3,4,182.47,729.88
1256,52,4,168.92,675.68
1257,52,3,168.92,506.76
1258,74,1,185.93,185.93
1258,52,2,168.92,337.84
1258,76,5,241.18,1205.9
1259,18,2,80.78,161.56
1260,59,2,96.01,192.02
1260,51,2,85.37,170.74
1260,22,3,123.4,370.2
1260,80,3,117.61,352.83
1260,1,1,117.68,117.68
1260,19,2,229.34,458.68
1261,72,3,255.33,765.99
1262,51,4,85.37,341.48
1262,28,4,191.9,767.6
1263,18,4,80.78,323.12
1264,51,1,85.37,85.37
1264,69,3,40.64,121.92
1265,31,3,220.38,661.14
1266,10,4,202.18,808.72
1266,30,2,17.89,35.78
1266,18,1,80.78,80.78
1267,55,3,170.97,512.91
1267,20,3,157.2,471.6
1268,21,4,236.89,947.56
1269,52,2,168.92,337.84
1269,2,5,272.11,1360.55
1269,21,5,236.89,1184.45
1269,41,4,194.51,778.04
1270,7,4,177.69,710.76
1270,39,3,193.11,579.33
1271,65,3,88.02,264.06
1271,48,5,73.35,366.75
1271,61,3,33.34,100.02
1272,11,3,115.12,345.36
1272,20,5,157.2,786.0
1272,1,3,117.68,353.04
1273,16,4,20.19,80.76
1274,44,3,182.79,548.37
1275,3,4,182.47,729.88
1276,32,1,220.3,220.3
1276,23,2,219.45,438.9
1276,11,2,115.12,230.24
1276,69,4,40.64,162.56
1277,68,5,150.75,753.75
1278,13,4,195.57,782.28
1279,3,2,182.47,364.94
1280,74,5,185.93,929.65
1280,34,5,132.47,662.35
1280,39,5,193.11,965.55
1281,56,3,22.88,68.64
1282,24,3,263.59,790.77
1282,37,1,181.31,181.31
1283,60,5,56.97,284.85
1284,42,2,20.7,41.4
1285,76,3,241.18,723.54
1285,54,5,144.1,720.5
1285,77,4,178.23,712.92
1286,57,2,84.84,169.68
1287,33,1,35.06,35.06
1287,52,5,168.92,844.6
1288,68,3,150.75,452.25
1289,22,5,123.4,617.0
1289,80,4,117.61,470.44
1289,46,4,202.58,810.32
1290,49,1,162.16,162.16
1290,69,1,40.64,40.64
1290,17,4,200.77,803.08
1290,78,2,150.02,300.04
1291,52,5,168.92,844.6
1292,47,1,82.62,82.62
1293,64,2,202.18,404.36
1293,60,4,56.97,227.88
1293,37,3,181.31,543.93
1293,58,1,136.94,136.94
1293,21,5,236.89,1184.45
1294,50,4,122.1,488.4
1294,75,4,117.26,469.04
1294,54,2,144.1,288.2
1295,74,4,185.93,743.72
1296,12,3,168.59,505.77
1297,21,4,236.89,947.56
1298,42,1,20.7,20.7
1298,17,2,200.77,401.54
1298,38,5,115.36,576.8
1298,9,4,195.34,781.36
1299,65,3,88.02,264.06
1299,15,2,102.94,205.88
1299,78,2,150.02,300.04
1300,67,4,187.31,749.24
1300,61,1,33.34,33.34
1301,78,1,150.02,150.02
1301,69,4,40.64,162.56
1302,6,4,272.18,1088.72
1302,47,5,82.62,413.1
1303,75,4,117.26,469.04
1303,15,3,102.94,308.82
1303,22,2,123.4,246.8
1303,47,2,82.62,165.24
1304,10,4,202.18,808.72
1304,59,2,96.01,192.02
1305,58,3,136.94,410.82
1306,29,3,56.07,168.21
1307,40,4,234.93,939.72
1308,38,4,115.36,461.44
1309,19,1,229.34,229.34
1309,75,3,117.26,351.78
1310,45,5,231.48,1157.4
1310,20,3,157.2,471.6
1310,76,5,241.18,1205.9
1311,23,4,219.45,877.8
1311,62,1,56.97,56.97
1312,16,2,20.19,40.38
1313,68,3,150.75,452.25
1313,30,1,17.89,17.89
1313,26,4,36.51,146.04
1314,69,4,40.64,162.56
1314,11,5,115.12,575.6
1314,8,5,224.7,1123.5
1315,32,2,220.3,440.6
1315,30,1,17.89,17.89
1315,59,5,96.01,480.05
1316,9,3,195.34,586.02
1316,17,1,200.77,200.77
1316,67,2,187.31,374.62
1317,7,3,177.69,533.07
1318,61,2,33.34,66.68
1319,75,1,117.26,117.26
1319,56,4,22.88,91.52
1320,59,3,96.01,288.03
1320,1,4,117.68,470.72
1321,66,3,10.86,32.58
1321,37,3,181.31,543.93
1322,40,1,234.93,234.93
1322,57,2,84.84,169.68
1323,9,4,195.34,781.36
1324,25,5,168.05,840.25
1324,14,3,87.57,262.71
1324,30,3,17.89,53.67
1324,28,5,191.9,959.5
1324,40,4,234.93,939.72
1325,25,4,168.05,672.2
1326,67,4,187.31,749.24
1327,39,3,193.11,579.33
1327,48,3,73.35,220.05
1327,19,3,229.34,688.02
1328,54,1,144.1,144.1
1329,59,2,96.01,192.02
1329,36,2,177.6,355.2
1329,3,3,182.47,547.41
1330,26,5,36.51,182.55
1330,28,5,191.9,959.5
1331,62,5,56.97,284.85
1332,32,5,220.3,1101.5
1332,36,5,177.6,888.0
1333,48,4,73.35,293.4
1334,42,2,20.7,41.4
1334,53,5,208.07,1040.35
1334,20,3,157.2,471.6
1335,70,3,25.74,77.22
1336,9,3,195.34,586.02
1336,41,4,194.51,778.04
1337,43,2,182.43,364.86
1338,53,4,208.07,832.28
1339,48,1,73.35,73.35
1339,3,5,182.47,912.35
1339,73,3,36.13,108.39
1339,56,5,22.88,114.4
1340,73,1,36.13,36.13
1340,12,5,168.59,842.95
1340,72,2,255.33,510.66
1341,25,4,168.05,672.2
1341,10,3,202.18,606.54
1342,74,3,185.93,557.79
1343,80,4,117.61,470.44
1344,29,5,56.07,280.35
1345,46,2,202.58,405.16
1345,74,3,185.93,557.79
1345,20,2,157.2,314.4
1345,25,1,168.05,168.05
1345,19,1,229.34,229.34
1346,42,2,20.7,41.4
1346,41,2,194.51,389.02
1346,30,3,17.89,53.67
1347,46,1,202.58,202.58
1348,27,4,89.16,356.64
1348,49,4,162.16,648.64
1348,7,2,177.69,355.38
1348,58,2,136.94,273.88
1349,75,1,117.26,117.26
1349,67,2,187.31,374.62
1350,41,4,194.51,778.04
1351,15,4,102.94,411.76
1352,46,1,202.58,202.58
1352,47,4,82.62,330.48
1352,40,3,234.93,704.79
1353,42,2,20.7,41.4
1353,6,2,272.18,544.36
1353,19,5,229.34,1146.7
1354,5,1,136.91,136.91
1355,54,2,144.1,288.2
1355,23,2,219.45,438.9
1355,67,3,187.31,561.93
1356,48,3,73.35,220.05
1357,5,5,136.91,684.55
1357,19,4,229.34,917.36
1357,53,5,208.07,1040.35
1357,6,5,272.18,1360.9
1358,54,1,144.1,144.1
1359,18,1,80.78,80.78
1359,78,3,150.02,450.06
1360,79,4,65.96,263.84
1360,13,4,195.57,782.28
1361,19,2,229.34,458.68
1362,29,3,56.07,168.21
1363,67,3,187.31,561.93
1363,74,2,185.93,371.86
1364,50,1,122.1,122.1
1365,31,2,220.38,440.76
1366,25,2,168.05,336.1
1366,74,4,185.93,743.72
1366,52,5,168.92,844.6
1366,58,3,136.94,410.82
1367,44,3,182.79,548.37
1367,24,3,263.59,790.77
1368,44,1,182.79,182.79
1368,67,3,187.31,561.93
1368,34,4,132.47,529.88
1369,38,2,115.36,230.72
1370,11,4,115.12,460.48
1370,65,5,88.02,440.1
1370,24,2,263.59,527.18
1371,77,2,178.23,356.46
1372,30,5,17.89,89.45
1373,80,2,117.61,235.22
1373,29,5,56.07,280.35
1374,52,5,168.92,844.6
1374,38,4,115.36,461.44
1374,50,4,122.1,488.4
1375,33,5,35.06,175.3
1376,53,2,208.07,416.14
1377,54,4,144.1,576.4
1378,36,1,177.6,177.6
1378,18,5,80.78,403.9
1378,52,2,168.92,337.84
1379,16,5,20.19,100.95
1380,16,5,20.19,100.95
1380,70,4,25.74,102.96
1381,33,1,35.06,35.06
1382,38,1,115.36,115.36
1382,29,1,56.07,56.07
1382,67,5,187.31,936.55
1383,56,1,22.88,22.88
1383,54,1,144.1,144.1
1384,33,3,35.06,105.18
1385,64,2,202.18,404.36
1386,63,5,261.47,1307.35
1386,72,5,255.33,1276.65
1387,76,5,241.18,1205.9
1387,13,1,195.57,195.57
1388,54,3,144.1,432.3
1388,51,4,85.37,341.48
1388,6,4,272.18,1088.72
1389,56,2,22.88,45.76
1389,4,5,126.77,633.85
1390,4,4,126.77,507.08
1391,32,1,220.3,220.3
1391,36,3,177.6,532.8
1391,58,4,136.94,547.76
1392,45,3,231.48,694.44
1392,23,3,219.45,658.35
1392,64,5,202.18,1010.9
1392,12,5,168.59,842.95
1393,52,5,168.92,844.6
1393,41,4,194.51,778.04
1394,57,3,84.84,254.52
1395,40,5,234.93,1174.65
1396,10,1,202.18,202.18
1396,26,1,36.51,36.51
1397,50,5,122.1,610.5
1397,14,5,87.57,437.85
1397,38,1,115.36,115.36
1398,64,2,202.18,404.36
1399,19,2,229.34,458.68
1399,2,1,272.11,272.11
1399,38,5,115.36,576.8
1400,53,5,208.07,1040.35
1400,24,5,263.59,1317.95
1401,47,4,82.62,330.48
1401,34,3,132.47,397.41
1402,18,5,80.78,403.9
1402,42,5,20.7,103.5
1402,32,2,220.3,440.6
1403,78,5,150.02,750.1
1403,30,2,17.89,35.78
1403,45,4,231.48,925.92
1404,22,1,123.4,123.4
1405,19,1,229.34,229.34
1406,77,4,178.23,712.92
1406,63,2,261.47,522.94
1406,56,4,22.88,91.52
1406,18,3,80.78,242.34
1407,53,5,208.07,1040.35
1407,19,5,229.34,1146.7
1408,10,2,202.18,404.36
1408,79,2,65.96,131.92
1408,9,2,195.34,390.68
1408,68,5,150.75,753.75
1408,53,2,208.07,416.14
1409,43,1,182.43,182.43
1409,12,4,168.59,674.36
1410,44,2,182.79,365.58
1411,64,4,202.18,808.72
1411,12,2,168.59,337.18
1411,24,2,263.59,527.18
1411,34,3,132.47,397.41
1412,78,1,150.02,150.02
1413,68,3,150.75,452.25
1413,2,4,272.11,1088.44
1413,1,3,117.68,353.04
1414,25,5,168.05,840.25
1414,80,2,117.61,235.22
1414,64,3,202.18,606.54
1414,24,1,263.59,263.59
1415,23,5,219.45,1097.25
1416,16,3,20.19,60.57
1417,22,4,123.4,493.6
1417,13,2,195.57,391.14
1418,50,1,122.1,122.1
1418,58,5,136.94,684.7
1419,63,1,261.47,261.47
1419,25,3,168.05,504.15
1419,52,1,168.92,168.92
1420,68,5,150.75,753.75
1420,73,5,36.13,180.65
1421,58,2,136.94,273.88
1422,14,3,87.57,262.71
1423,37,1,181.31,181.31
1423,8,2,224.7,449.4
1423,68,1,150.75,150.75
1424,7,3,177.69,533.07
1424,39,5,193.11,965.55
1424,50,1,122.1,122.1
1424,25,4,168.05,672.2
1425,6,4,272.18,1088.72
1425,28,2,191.9,383.8
1425,13,2,195.57,391.14
1426,6,1,272.18,272.18
1426,49,3,162.16,486.48
1426,27,1,89.16,89.16
1427,48,1,73.35,73.35
1427,52,2,168.92,337.84
1428,55,2,170.97,341.94
1428,74,3,185.93,557.79
1428,40,4,234.93,939.72
1429,63,3,261.47,784.41
1430,29,1,56.07,56.07
1431,42,2,20.7,41.4
1432,73,3,36.13,108.39
1433,64,2,202.18,404.36
1433,26,5,36.51,182.55
1434,50,2,122.1,244.2
1435,19,4,229.34,917.36
1436,6,1,272.18,272.18
1436,73,2,36.13,72.26
1437,49,2,162.16,324.32
1438,4,1,126.77,126.77
1438,57,2,84.84,169.68
1439,41,1,194.51,194.51
1439,8,1,224.7,224.7
1440,42,3,20.7,62.1
1441,73,1,36.13,36.13
1442,5,1,136.91,136.91
1442,73,1,36.13,36.13
1442,70,4,25.74,102.96
1443,31,4,220.38,881.52
1444,20,3,157.2,471.6
1444,59,2,96.01,192.02
1444,69,2,40.64,81.28
1445,3,4,182.47,729.88
1446,70,4,25.74,102.96
1446,30,2,17.89,35.78
1447,54,4,144.1,576.4
1447,59,4,96.01,384.04
1448,68,2,150.75,301.5
1449,80,4,117.61,470.44
1449,47,3,82.62,247.86
1449,60,3,56.97,170.91
1449,71,2,165.35,330.7
1450,80,4,117.61,470.44
1451,50,5,122.1,610.5
1452,23,3,219.45,658.35
1453,26,3,36.51,109.53
1453,20,4,157.2,628.8
1453,53,2,208.07,416.14
1454,68,1,150.75,150.75
1454,5,1,136.91,136.91
1454,13,1,195.57,195.57
1455,26,3,36.51,109.53
1455,20,1,157.2,157.2
1455,28,3,191.9,575.7
1456,38,1,115.36,115.36
1456,39,5,193.11,965.55
1457,53,5,208.07,1040.35
1457,21,4,236.89,947.56
1457,72,3,255.33,765.99
1458,6,2,272.18,544.36
1459,76,4,241.18,964.72
1459,47,5,82.62,413.1
1460,73,1,36.13,36.13
1460,45,3,231.48,694.44
1460,44,1,182.79,182.79
1461,26,3,36.51,109.53
1462,76,2,241.18,482.36
1462,54,3,144.1,432.3
1463,4,3,126.77,380.31
1463,63,2,261.47,522.94
1464,56,3,22.88,68.64
1465,17,1,200.77,200.77
1465,80,5,117.61,588.05
1466,5,3,136.91,410.73
1467,53,2,208.07,416.14
1467,44,4,182.79,731.16
1467,17,3,200.77,602.31
1467,45,3,231.48,694.44
1467,34,1,132.47,132.47
1467,71,4,165.35,661.4
1468,17,1,200.77,200.77
1469,31,1,220.38,220.38
1469,12,1,168.59,168.59
1470,59,1,96.01,96.01
1470,43,5,182.43,912.15
1471,24,4,263.59,1054.36
1471,12,2,168.59,337.18
1471,1,2,117.68,235.36
1472,26,4,36.51,146.04
1473,8,2,224.7,449.4
1473,57,5,84.84,424.2
1474,74,2,185.93,371.86
1474,25,2,168.05,336.1
1474,16,3,20.19,60.57
1474,10,2,202.18,404.36
1475,28,3,191.9,575.7
1475,55,3,170.97,512.91
1476,33,1,35.06,35.06
1476,37,1,181.31,181.31
1476,21,1,236.89,236.89
1477,58,1,136.94,136.94
1478,78,3,150.02,450.06
1478,9,4,195.34,781.36
1478,73,3,36.13,108.39
1478,34,4,132.47,529.88
1479,25,2,168.05,336.1
1479,30,1,17.89,17.89
1479,76,3,241.18,723.54
1480,52,2,168.92,337.84
1480,60,4,56.97,227.88
1480,58,4,136.94,547.76
1480,20,1,157.2,157.2
1481,52,1,168.92,168.92
1481,47,4,82.62,330.48
1482,3,4,182.47,729.88
1483,21,5,236.89,1184.45
1483,39,3,193.11,579.33
1484,21,4,236.89,947.56
1485,19,4,229.34,917.36
1485,31,2,220.38,440.76
1485,67,4,187.31,749.24
1486,80,5,117.61,588.05
1486,55,1,170.97,170.97
1487,17,3,200.77,602.31
1488,27,3,89.16,267.48
1489,72,2,255.33,510.66
1489,44,3,182.79,548.37
1489,74,5,185.93,929.65
1489,43,2,182.43,364.86
1489,25,5,168.05,840.25
1490,41,4,194.51,778.04
1490,66,2,10.86,21.72
1490,13,5,195.57,977.85
1491,35,3,175.47,526.41
1491,9,1,195.34,195.34
1491,58,4,136.94,547.76
1491,50,2,122.1,244.2
1491,25,2,168.05,336.1
1491,36,1,177.6,177.6
1491,19,3,229.34,688.02
1492,41,2,194.51,389.02
1492,78,2,150.02,300.04
1492,69,5,40.64,203.2
1493,68,2,150.75,301.5
1493,65,4,88.02,352.08
1493,37,4,181.31,725.24
1494,54,2,144.1,288.2
1494,11,4,115.12,460.48
1494,48,4,73.35,293.4
1494,60,5,56.97,284.85
1495,36,2,177.6,355.2
1496,7,3,177.69,533.07
1497,71,4,165.35,661.4
1497,4,3,126.77,380.31
1498,37,3,181.31,543.93
1499,17,1,200.77,200.77
1499,64,1,202.18,202.18
1500,12,3,168.59,505.77
1500,47,3,82.62,247.86
1501,68,4,150.75,603.0
1501,54,2,144.1,288.2
1502,34,2,132.47,264.94
1502,30,1,17.89,17.89
1503,6,2,272.18,544.36
1504,51,1,85.37,85.37
1505,71,1,165.35,165.35
1505,9,2,195.34,390.68
1506,11,5,115.12,575.6
1507,1,5,117.68,588.4
1508,78,3,150.02,450.06
1509,58,4,136.94,547.76
1509,78,2,150.02,300.04
1509,66,2,10.86,21.72
1510,26,2,36.51,73.02
1510,73,5,36.13,180.65
1510,39,3,193.11,579.33
1511,33,5,35.06,175.3
1511,28,1,191.9,191.9
1512,50,4,122.1,488.4
1512,42,5,20.7,103.5
1512,59,5,96.01,480.05
1512,51,3,85.37,256.11
1512,22,2,123.4,246.8
1512,63,1,261.47,261.47
1513,36,4,177.6,710.4
1513,1,4,117.68,470.72
1513,39,5,193.11,965.55
1514,55,3,170.97,512.91
1515,16,3,20.19,60.57
1515,39,4,193.11,772.44
1515,19,2,229.34,458.68
1516,31,4,220.38,881.52
1517,62,2,56.97,113.94
1517,9,2,195.34,390.68
1518,60,4,56.97,227.88
1519,36,2,177.6,355.2
1519,37,3,181.31,543.93
1519,62,1,56.97,56.97
1520,6,1,272.18,272.18
1520,73,3,36.13,108.39
1520,56,3,22.88,68.64
1520,72,1,255.33,255.33
1520,63,5,261.47,1307.35
1520,30,3,17.89,53.67
1521,71,3,165.35,496.05
1521,70,3,25.74,77.22
1521,19,4,229.34,917.36
1522,38,2,115.36,230.72
1523,78,2,150.02,300.04
1523,33,3,35.06,105.18
1524,22,3,123.4,370.2
1524,6,5,272.18,1360.9
1525,21,2,236.89,473.78
1525,74,2,185.93,371.86
1526,70,1,25.74,25.74
1526,6,5,272.18,1360.9
1526,67,1,187.31,187.31
1527,43,1,182.43,182.43
1527,63,3,261.47,784.41
1528,29,4,56.07,224.28
1528,74,1,185.93,185.93
1528,45,2,231.48,462.96
1529,1,5,117.68,588.4
1530,40,3,234.93,704.79
1530,31,2,220.38,440.76
1530,52,5,168.92,844.6
1531,10,1,202.18,202.18
1532,2,3,272.11,816.33
1532,77,4,178.23,712.92
1532,39,3,193.11,579.33
1533,79,5,65.96,329.8
1534,61,4,33.34,133.36
1535,45,1,231.48,231.48
1535,63,4,261.47,1045.88
1536,32,1,220.3,220.3
1537,42,3,20.7,62.1
1538,17,5,200.77,1003.85
1539,36,5,177.6,888.0
1540,63,4,261.47,1045.88
1540,23,3,219.45,658.35
1541,20,2,157.2,314.4
1541,10,4,202.18,808.72
1542,23,3,219.45,658.35
1542,49,2,162.16,324.32
1542,6,2,272.18,544.36
1543,15,1,102.94,102.94
1543,13,4,195.57,782.28
1543,22,4,123.4,493.6
1543,18,3,80.78,242.34
1543,17,4,200.77,803.08
1543,73,1,36.13,36.13
1544,56,5,22.88,114.4
1545,32,1,220.3,220.3
1545,18,1,80.78,80.78
1546,70,3,25.74,77.22
1547,75,1,117.26,117.26
1547,53,5,208.07,1040.35
1548,51,3,85.37,256.11
1548,2,1,272.11,272.11
1549,2,3,272.11,816.33
1550,25,4,168.05,672.2
1550,61,4,33.34,133.36
1551,10,2,202.18,404.36
1551,19,5,229.34,1146.7
1552,22,2,123.4,246.8
1553,6,1,272.18,272.18
1553,42,2,20.7,41.4
1553,51,3,85.37,256.11
1554,66,4,10.86,43.44
1555,56,4,22.88,91.52
1555,77,1,178.23,178.23
1555,4,5,126.77,633.85
1556,44,3,182.79,548.37
1557,63,4,261.47,1045.88
1558,74,4,185.93,743.72
1558,18,3,80.78,242.34
1559,33,3,35.06,105.18
1559,35,3,175.47,526.41
1560,31,5,220.38,1101.9
1561,53,3,208.07,624.21
1561,36,5,177.6,888.0
1562,38,2,115.36,230.72
1563,23,2,219.45,438.9
1563,16,2,20.19,40.38
1563,38,5,115.36,576.8
1564,48,4,73.35,293.4
1564,32,3,220.3,660.9
1564,51,5,85.37,426.85
1565,16,4,20.19,80.76
1566,33,5,35.06,175.3
1566,64,5,202.18,1010.9
1566,59,3,96.01,288.03
1567,63,4,261.47,1045.88
1567,77,4,178.23,712.92
1567,14,4,87.57,350.28
1568,14,5,87.57,437.85
1569,27,5,89.16,445.8
1569,6,1,272.18,272.18
1570,31,2,220.38,440.76
1571,31,2,220.38,440.76
1572,50,2,122.1,244.2
1573,35,1,175.47,175.47
1573,63,1,261.47,261.47
1574,23,2,219.45,438.9
1575,50,1,122.1,122.1
1575,58,1,136.94,136.94
1575,28,4,191.9,767.6
1575,30,4,17.89,71.56
1576,35,2,175.47,350.94
1577,65,5,88.02,440.1
1578,49,2,162.16,324.32
1579,32,3,220.3,660.9
1580,73,4,36.13,144.52
1580,32,1,220.3,220.3
1580,9,4,195.34,781.36
1581,58,4,136.94,547.76
1582,34,4,132.47,529.88
1583,26,4,36.51,146.04
1583,5,3,136.91,410.73
1584,71,1,165.35,165.35
1585,56,3,22.88,68.64
1586,30,1,17.89,17.89
1587,23,4,219.45,877.8
1587,37,4,181.31,725.24
1587,71,2,165.35,330.7
1588,13,3,195.57,586.71
1589,48,2,73.35,146.7
1589,23,5,219.45,1097.25
1590,35,5,175.47,877.35
1591,22,1,123.4,123.4
1592,74,2,185.93,371.86
1592,36,4,177.6,710.4
1592,60,2,56.97,113.94
1593,49,2,162.16,324.32
1594,51,4,85.37,341.48
1594,71,5,165.35,826.75
1594,70,4,25.74,102.96
1595,33,5,35.06,175.3
1596,10,5,202.18,1010.9
1597,39,3,193.11,579.33
1598,19,4,229.34,917.36
1599,19,1,229.34,229.34
1600,60,3,56.97,170.91
1601,19,1,229.34,229.34
1602,56,5,22.88,114.4
1602,10,3,202.18,606.54
1603,40,2,234.93,469.86
1603,65,1,88.02,88.02
1604,67,1,187.31,187.31
1604,48,4,73.35,293.4
1605,7,5,177.69,888.45
1606,71,5,165.35,826.75
1607,35,2,175.47,350.94
1607,19,2,229.34,458.68
1608,39,1,193.11,193.11
1609,20,5,157.2,786.0
1609,55,3,170.97,512.91
1609,71,2,165.35,330.7
1610,9,4,195.34,781.36
1610,29,2,56.07,112.14
1611,44,3,182.79,548.37
1611,79,4,65.96,263.84
1612,43,2,182.43,364.86
1612,42,5,20.7,103.5
1612,68,5,150.75,753.75
1613,66,3,10.86,32.58
1614,14,2,87.57,175.14
1614,19,2,229.34,458.68
1614,72,4,255.33,1021.32
1614,29,2,56.07,112.14
1615,54,3,144.1,432.3
1615,73,3,36.13,108.39
1616,9,4,195.34,781.36
1616,41,4,194.51,778.04
1616,8,2,224.7,449.4
1616,56,4,22.88,91.52
1617,63,4,261.47,1045.88
1618,79,2,65.96,131.92
1619,2,2,272.11,544.22
1620,20,4,157.2,628.8
1620,7,2,177.69,355.38
1620,1,1,117.68,117.68
1621,46,1,202.58,202.58
1621,74,2,185.93,371.86
1621,12,3,168.59,505.77
1622,25,3,168.05,504.15
1622,22,5,123.4,617.0
1622,51,3,85.37,256.11
1622,63,5,261.47,1307.35
1622,14,5,87.57,437.85
1623,34,5,132.47,662.35
1623,21,1,236.89,236.89
1624,44,2,182.79,365.58
1625,52,3,168.92,506.76
1625,54,2,144.1,288.2
1625,31,2,220.38,440.76
1625,40,4,234.93,939.72
1626,19,4,229.34,917.36
1626,14,2,87.57,175.14
1627,62,4,56.97,227.88
1628,27,2,89.16,178.32
1628,61,4,33.34,133.36
1628,5,2,136.91,273.82
1628,47,3,82.62,247.86
1629,60,4,56.97,227.88
1629,51,2,85.37,170.74
1629,42,3,20.7,62.1
1630,22,3,123.4,370.2
1631,31,4,220.38,881.52
1631,66,3,10.86,32.58
1631,78,2,150.02,300.04
1632,44,3,182.79,548.37
1632,79,3,65.96,197.88
1633,65,3,88.02,264.06
1634,56,4,22.88,91.52
1634,6,5,272.18,1360.9
1635,53,5,208.07,1040.35
1636,30,5,17.89,89.45
1636,41,2,194.51,389.02
1637,75,3,117.26,351.78
1637,33,1,35.06,35.06
1637,51,5,85.37,426.85
1638,7,1,177.69,177.69
1639,40,5,234.93,1174.65
1640,31,5,220.38,1101.9
1640,50,2,122.1,244.2
1640,72,1,255.33,255.33
1640,43,4,182.43,729.72
1640,23,1,219.45,219.45
1641,22,4,123.4,493.6
1641,38,2,115.36,230.72
1641,33,2,35.06,70.12
1641,54,3,144.1,432.3
1641,21,1,236.89,236.89
1642,10,1,202.18,202.18
1642,20,2,157.2,314.4
1642,16,1,20.19,20.19
1643,65,5,88.02,440.1
1644,11,3,115.12,345.36
1645,33,1,35.06,35.06
1646,67,5,187.31,936.55
1647,56,1,22.88,22.88
1648,62,1,56.97,56.97
1648,76,2,241.18,482.36
1649,48,2,73.35,146.7
1650,3,3,182.47,547.41
1651,11,5,115.12,575.6
1651,18,5,80.78,403.9
1651,13,1,195.57,195.57
1651,77,5,178.23,891.15
1652,44,1,182.79,182.79
1652,16,3,20.19,60.57
1652,80,2,117.61,235.22
1653,18,3,80.78,242.34
1654,10,5,202.18,1010.9
1655,4,3,126.77,380.31
1656,47,1,82.62,82.62
1656,15,2,102.94,205.88
1656,13,5,195.57,977.85
1656,34,2,132.47,264.94
1656,43,5,182.43,912.15
1656,41,1,194.51,194.51
1657,70,5,25.74,128.7
1657,11,5,115.12,575.6
1658,52,1,168.92,168.92
1659,13,5,195.57,977.85
1660,70,1,25.74,25.74
1661,73,1,36.13,36.13
1662,66,4,10.86,43.44
1662,31,1,220.38,220.38
1663,71,2,165.35,330.7
1664,68,3,150.75,452.25
1665,79,1,65.96,65.96
1666,76,2,241.18,482.36
1667,16,2,20.19,40.38
1667,32,1,220.3,220.3
1668,28,3,191.9,575.7
1669,2,4,272.11,1088.44
1670,16,3,20.19,60.57
1670,48,4,73.35,293.4
1671,19,3,229.34,688.02
1671,27,2,89.16,178.32
1671,50,2,122.1,244.2
1672,60,2,56.97,113.94
1673,37,2,181.31,362.62
1674,9,3,195.34,586.02
1674,76,3,241.18,723.54
1674,59,2,96.01,192.02
1675,62,2,56.97,113.94
1676,71,5,165.35,826.75
1677,35,4,175.47,701.88
1677,67,1,187.31,187.31
1677,40,1,234.93,234.93
1678,72,5,255.33,1276.65
1679,20,3,157.2,471.6
1679,3,5,182.47,912.35
1680,40,4,234.93,939.72
1681,78,1,150.02,150.02
1681,73,4,36.13,144.52
1681,46,4,202.58,810.32
1682,69,2,40.64,81.28
1682,43,4,182.43,729.72
1682,64,5,202.18,1010.9
1683,6,2,272.18,544.36
1684,71,2,165.35,330.7
1684,57,2,84.84,169.68
1685,76,4,241.18,964.72
1686,79,3,65.96,197.88
1686,16,5,20.19,100.95
1686,12,5,168.59,842.95
1687,22,1,123.4,123.4
1688,65,5,88.02,440.1
1689,46,4,202.58,810.32
1690,3,2,182.47,364.94
1690,36,2,177.6,355.2
1691,27,2,89.16,178.32
1692,18,1,80.78,80.78
1693,56,2,22.88,45.76
1693,20,4,157.2,628.8
1693,9,4,195.34,781.36
1694,54,2,144.1,288.2
1694,14,2,87.57,175.14
1694,11,1,115.12,115.12
1695,35,5,175.47,877.35
1695,67,5,187.31,936.55
1696,77,5,178.23,891.15
1697,36,1,177.6,177.6
1697,41,2,194.51,389.02
1697,34,4,132.47,529.88
1697,78,3,150.02,450.06
1697,28,4,191.9,767.6
1698,17,1,200.77,200.77
1699,75,5,117.26,586.3
1699,18,2,80.78,161.56
1699,7,5,177.69,888.45
1700,78,1,150.02,150.02
1700,70,2,25.74,51.48
1701,34,3,132.47,397.41
1702,27,2,89.16,178.32
1702,18,1,80.78,80.78
1703,11,4,115.12,460.48
1703,42,2,20.7,41.4
1704,4,5,126.77,633.85
1704,11,1,115.12,115.12
1704,42,1,20.7,20.7
1704,22,2,123.4,246.8
1705,78,1,150.02,150.02
1706,65,3,88.02,264.06
1707,77,4,178.23,712.92
1707,74,3,185.93,557.79
1707,70,4,25.74,102.96
1708,80,1,117.61,117.61
1709,7,1,177.69,177.69
1710,67,5,187.31,936.55
1710,36,2,177.6,355.2
1711,35,5,175.47,877.35
1712,22,5,123.4,617.0
1713,53,2,208.07,416.14
1713,27,4,89.16,356.64
1714,3,2,182.47,364.94
1714,80,2,117.61,235.22
1714,68,1,150.75,150.75
1715,68,1,150.75,150.75
1716,34,5,132.47,662.35
1716,23,4,219.45,877.8
1717,68,3,150.75,452.25
1717,9,2,195.34,390.68
1717,52,2,168.92,337.84
1718,67,3,187.31,561.93
1718,74,2,185.93,371.86
1718,40,1,234.93,234.93
1718,53,2,208.07,416.14
1719,56,1,22.88,22.88
1719,28,3,191.9,575.7
1720,38,3,115.36,346.08
1720,50,3,122.1,366.3
1720,21,3,236.89,710.67
1721,48,5,73.35,366.75
1721,44,2,182.79,365.58
1722,38,5,115.36,576.8
1722,66,5,10.86,54.3
1722,74,1,185.93,185.93
1723,67,3,187.31,561.93
1723,23,2,219.45,438.9
1723,36,4,177.6,710.4
1724,38,2,115.36,230.72
1724,31,2,220.38,440.76
1725,16,4,20.19,80.76
1726,59,4,96.01,384.04
1726,68,1,150.75,150.75
1727,26,2,36.51,73.02
1727,64,2,202.18,404.36
1728,5,1,136.91,136.91
1729,50,1,122.1,122.1
1730,2,2,272.11,544.22
1730,24,1,263.59,263.59
1731,17,5,200.77,1003.85
1732,64,3,202.18,606.54
1733,80,3,117.61,352.83
1733,28,5,191.9,959.5
1733,51,3,85.37,256.11
1734,68,1,150.75,150.75
1734,74,5,185.93,929.65
1734,37,3,181.31,543.93
1735,76,2,241.18,482.36
1735,18,2,80.78,161.56
1735,53,2,208.07,416.14
1736,43,3,182.43,547.29
1737,38,5,115.36,576.8
1737,17,5,200.77,1003.85
1738,31,4,220.38,881.52
1738,64,4,202.18,808.72
1738,51,1,85.37,85.37
1739,3,1,182.47,182.47
1739,6,5,272.18,1360.9
1739,25,2,168.05,336.1
1740,4,4,126.77,507.08
1740,50,1,122.1,122.1
1740,20,3,157.2,471.6
1741,44,3,182.79,548.37
1742,63,5,261.47,1307.35
1742,55,2,170.97,341.94
1743,15,1,102.94,102.94
1743,31,5,220.38,1101.9
1743,39,4,193.11,772.44
1743,71,2,165.35,330.7
1744,68,2,150.75,301.5
1744,18,3,80.78,242.34
1744,53,5,208.07,1040.35
1744,6,1,272.18,272.18
1744,28,1,191.9,191.9
1745,7,3,177.69,533.07
1745,65,5,88.02,440.1
1746,58,2,136.94,273.88
1746,33,4,35.06,140.24
1746,75,5,117.26,586.3
1747,38,4,115.36,461.44
1747,71,1,165.35,165.35
1747,78,5,150.02,750.1
1747,77,3,178.23,534.69
1748,32,5,220.3,1101.5
1748,19,1,229.34,229.34
1748,43,3,182.43,547.29
1749,25,2,168.05,336.1
1749,23,3,219.45,658.35
1749,14,2,87.57,175.14
1749,24,4,263.59,1054.36
1750,72,4,255.33,1021.32
1750,61,1,33.34,33.34
1750,20,4,157.2,628.8
1751,40,2,234.93,469.86
1751,72,5,255.33,1276.65
1752,32,5,220.3,1101.5
1752,67,1,187.31,187.31
1752,18,3,80.78,242.34
1753,19,5,229.34,1146.7
1754,19,3,229.34,688.02
1754,52,5,168.92,844.6
1754,76,2,241.18,482.36
1755,53,1,208.07,208.07
1756,19,2,229.34,458.68
1757,16,4,20.19,80.76
1757,33,5,35.06,175.3
1757,25,2,168.05,336.1
1757,35,2,175.47,350.94
1758,4,2,126.77,253.54
1759,77,4,178.23,712.92
1759,51,1,85.37,85.37
1760,25,5,168.05,840.25
1761,11,3,115.12,345.36
1761,38,1,115.36,115.36
1761,78,4,150.02,600.08
1761,10,4,202.18,808.72
1762,53,3,208.07,624.21
1762,19,2,229.34,458.68
1762,7,3,177.69,533.07
1763,58,2,136.94,273.88
1764,3,5,182.47,912.35
1765,50,1,122.1,122.1
1766,69,2,40.64,81.28
1766,34,2,132.47,264.94
1766,9,2,195.34,390.68
1767,22,2,123.4,246.8
1768,22,1,123.4,123.4
1769,55,2,170.97,341.94
1770,45,1,231.48,231.48
1770,49,2,162.16,324.32
1771,76,1,241.18,241.18
1772,38,1,115.36,115.36
1772,66,4,10.86,43.44
1772,6,3,272.18,816.54
1773,69,1,40.64,40.64
1774,22,1,123.4,123.4
1774,24,1,263.59,263.59
1775,24,2,263.59,527.18
1775,14,3,87.57,262.71
1776,63,4,261.47,1045.88
1776,78,2,150.02,300.04
1777,66,2,10.86,21.72
1778,58,1,136.94,136.94
1779,16,4,20.19,80.76
1780,19,1,229.34,229.34
1781,22,2,123.4,246.8
1781,24,3,263.59,790.77
1782,43,5,182.43,912.15
1783,67,1,187.31,187.31
1783,23,5,219.45,1097.25
1784,6,5,272.18,1360.9
1784,72,3,255.33,765.99
1784,76,2,241.18,482.36
1785,21,1,236.89,236.89
1785,17,5,200.77,1003.85
1785,5,2,136.91,273.82
1785,43,5,182.43,912.15
1786,39,3,193.11,579.33
1786,78,5,150.02,750.1
1787,70,5,25.74,128.7
1788,70,4,25.74,102.96
1789,24,4,263.59,1054.36
1789,4,3,126.77,380.31
1789,79,4,65.96,263.84
1790,64,5,202.18,1010.9
1790,79,2,65.96,131.92
1790,69,5,40.64,203.2
1790,50,5,122.1,610.5
1791,17,3,200.77,602.31
1792,69,3,40.64,121.92
1793,48,4,73.35,293.4
1793,7,4,177.69,710.76
1793,35,5,175.47,877.35
1793,4,3,126.77,380.31
1793,47,4,82.62,330.48
1794,70,2,25.74,51.48
1795,51,2,85.37,170.74
1795,59,3,96.01,288.03
1795,76,5,241.18,1205.9
1795,26,3,36.51,109.53
1796,74,4,185.93,743.72
1796,35,2,175.47,350.94
1797,22,3,123.4,370.2
1798,62,3,56.97,170.91
1798,23,4,219.45,877.8
1799,29,3,56.07,168.21
1800,65,4,88.02,352.08
1800,14,3,87.57,262.71
1800,72,3,255.33,765.99
1801,72,3,255.33,765.99
1802,34,2,132.47,264.94
1803,66,4,10.86,43.44
1803,74,5,185.93,929.65
1803,10,4,202.18,808.72
1803,15,2,102.94,205.88
1804,5,1,136.91,136.91
1805,59,1,96.01,96.01
1806,54,4,144.1,576.4
1806,61,4,33.34,133.36
1806,68,3,150.75,452.25
1806,13,1,195.57,195.57
1806,31,1,220.38,220.38
1807,37,3,181.31,543.93
1807,12,2,168.59,337.18
1807,5,4,136.91,547.64
1808,72,5,255.33,1276.65
1808,8,2,224.7,449.4
1809,66,5,10.86,54.3
1810,72,1,255.33,255.33
1810,55,3,170.97,512.91
1810,54,5,144.1,720.5
1811,22,2,123.4,246.8
1812,36,4,177.6,710.4
1812,70,3,25.74,77.22
1812,44,3,182.79,548.37
1812,76,5,241.18,1205.9
1813,11,4,115.12,460.48
1814,48,2,73.35,146.7
1814,30,1,17.89,17.89
1814,76,3,241.18,723.54
1814,10,3,202.18,606.54
1814,31,1,220.38,220.38
1815,55,5,170.97,854.85
1816,68,5,150.75,753.75
1816,79,4,65.96,263.84
1816,50,2,122.1,244.2
1816,76,4,241.18,964.72
1817,38,1,115.36,115.36
1817,53,2,208.07,416.14
1817,20,3,157.2,471.6
1818,9,2,195.34,390.68
1818,68,5,150.75,753.75
1818,28,1,191.9,191.9
1819,1,5,117.68,588.4
1819,40,1,234.93,234.93
1820,63,2,261.47,522.94
1821,61,4,33.34,133.36
1822,62,3,56.97,170.91
1822,60,3,56.97,170.91
1822,42,5,20.7,103.5
1823,42,1,20.7,20.7
1823,19,5,229.34,1146.7
1823,80,4,117.61,470.44
1824,71,2,165.35,330.7
1825,28,2,191.9,383.8
1826,4,3,126.77,380.31
1827,28,1,191.9,191.9
1827,53,4,208.07,832.28
1827,22,3,123.4,370.2
1828,22,3,123.4,370.2
1829,40,3,234.93,704.79
1830,64,4,202.18,808.72
1830,29,3,56.07,168.21
1830,21,2,236.89,473.78
1831,64,1,202.18,202.18
1831,79,2,65.96,131.92
1832,57,1,84.84,84.84
1833,68,1,150.75,150.75
1833,64,2,202.18,404.36
1834,67,2,187.31,374.62
1834,32,1,220.3,220.3
1834,17,1,200.77,200.77
1835,71,1,165.35,165.35
1835,25,1,168.05,168.05
1835,23,3,219.45,658.35
1836,60,5,56.97,284.85
1836,67,5,187.31,936.55
1837,48,3,73.35,220.05
1837,66,2,10.86,21.72
1838,6,1,272.18,272.18
1838,26,3,36.51,109.53
1839,15,3,102.94,308.82
1839,59,2,96.01,192.02
1839,9,2,195.34,390.68
1840,22,3,123.4,370.2
1840,76,1,241.18,241.18
1841,66,5,10.86,54.3
1841,25,2,168.05,336.1
1841,8,1,224.7,224.7
1842,12,1,168.59,168.59
1842,78,2,150.02,300.04
1843,16,4,20.19,80.76
1844,12,4,168.59,674.36
1844,15,1,102.94,102.94
1844,49,2,162.16,324.32
1845,18,3,80.78,242.34
1846,38,5,115.36,576.8
1847,23,4,219.45,877.8
1848,3,5,182.47,912.35
1849,42,3,20.7,62.1
1849,18,4,80.78,323.12
1849,20,2,157.2,314.4
1849,77,1,178.23,178.23
1850,45,2,231.48,462.96
1850,49,5,162.16,810.8
1850,9,5,195.34,976.7
1850,1,3,117.68,353.04
1851,59,1,96.01,96.01
1852,70,4,25.74,102.96
1852,47,3,82.62,247.86
1853,20,1,157.2,157.2
1854,62,5,56.97,284.85
1854,30,4,17.89,71.56
1855,11,4,115.12,460.48
1855,56,5,22.88,114.4
1856,14,3,87.57,262.71
1857,37,1,181.31,181.31
1857,5,1,136.91,136.91
1857,32,5,220.3,1101.5
1857,8,3,224.7,674.1
1858,48,3,73.35,220.05
1858,55,5,170.97,854.85
1859,48,2,73.35,146.7
1859,37,2,181.31,362.62
1859,55,3,170.97,512.91
1860,6,5,272.18,1360.9
1861,53,5,208.07,1040.35
1862,63,5,261.47,1307.35
1862,21,1,236.89,236.89
1862,55,5,170.97,854.85
1863,19,1,229.34,229.34
1863,76,1,241.18,241.18
1864,7,4,177.69,710.76
1865,68,3,150.75,452.25
1866,4,4,126.77,507.08
1866,3,2,182.47,364.94
1866,73,3,36.13,108.39
1867,33,4,35.06,140.24
1868,26,5,36.51,182.55
1869,56,5,22.88,114.4
1869,20,1,157.2,157.2
1869,11,5,115.12,575.6
1869,46,2,202.58,405.16
1870,52,1,168.92,168.92
1870,54,3,144.1,432.3
1870,55,3,170.97,512.91
1871,60,3,56.97,170.91
1871,16,1,20.19,20.19
1872,71,3,165.35,496.05
1872,9,5,195.34,976.7
1872,73,1,36.13,36.13
1873,65,5,88.02,440.1
1873,5,4,136.91,547.64
1873,76,4,241.18,964.72
1873,39,5,193.11,965.55
1874,57,1,84.84,84.84
1875,53,4,208.07,832.28
1876,62,5,56.97,284.85
1877,27,5,89.16,445.8
1877,66,5,10.86,54.3
1878,34,2,132.47,264.94
1879,59,5,96.01,480.05
1880,4,5,126.77,633.85
1880,34,1,132.47,132.47
1880,13,2,195.57,391.14
1881,75,1,117.26,117.26
1881,58,4,136.94,547.76
1881,19,1,229.34,229.34
1881,15,5,102.94,514.7
1882,10,3,202.18,606.54
1882,70,3,25.74,77.22
1882,52,5,168.92,844.6
1883,67,5,187.31,936.55
1883,66,4,10.86,43.44
1883,30,5,17.89,89.45
1884,34,4,132.47,529.88
1884,70,4,25.74,102.96
1884,6,3,272.18,816.54
1885,77,4,178.23,712.92
1886,76,3,241.18,723.54
1887,51,5,85.37,426.85
1888,12,5,168.59,842.95
1889,32,5,220.3,1101.5
1889,23,5,219.45,1097.25
1889,63,2,261.47,522.94
1889,37,3,181.31,543.93
1890,51,2,85.37,170.74
1891,79,4,65.96,263.84
1892,4,4,126.77,507.08
1892,35,5,175.47,877.35
1893,21,5,236.89,1184.45
1893,46,2,202.58,405.16
1894,65,5,88.02,440.1
1895,30,1,17.89,17.89
1895,79,4,65.96,263.84
1896,68,1,150.75,150.75
1896,57,4,84.84,339.36
1896,78,1,150.02,150.02
1896,74,5,185.93,929.65
1897,15,5,102.94,514.7
1897,76,2,241.18,482.36
1897,32,2,220.3,440.6
1897,46,4,202.58,810.32
1898,44,1,182.79,182.79
1898,24,3,263.59,790.77
1898,32,3,220.3,660.9
1899,3,3,182.47,547.41
1899,22,3,123.4,370.2
1900,55,1,170.97,170.97
1900,41,2,194.51,389.02
1901,61,5,33.34,166.7
1901,62,5,56.97,284.85
1901,9,5,195.34,976.7
1901,67,5,187.31,936.55
1901,17,1,200.77,200.77
1901,34,5,132.47,662.35
1902,35,1,175.47,175.47
1903,29,3,56.07,168.21
1904,55,5,170.97,854.85
1905,57,5,84.84,424.2
1905,40,3,234.93,704.79
1905,65,1,88.02,88.02
1905,49,3,162.16,486.48
1906,18,5,80.78,403.9
1907,49,1,162.16,162.16
1908,77,5,178.23,891.15
1909,17,1,200.77,200.77
1910,63,1,261.47,261.47
1911,75,3,117.26,351.78
1912,36,5,177.6,888.0
1912,72,4,255.33,1021.32
1913,21,3,236.89,710.67
1913,2,3,272.11,816.33
1914,74,2,185.93,371.86
1914,58,2,136.94,273.88
1914,40,5,234.93,1174.65
1914,41,5,194.51,972.55
1915,52,4,168.92,675.68
1916,14,4,87.57,350.28
1917,55,1,170.97,170.97
1917,21,2,236.89,473.78
1917,24,2,263.59,527.18
1918,40,3,234.93,704.79
1918,52,5,168.92,844.6
1918,18,1,80.78,80.78
1919,13,5,195.57,977.85
1919,12,3,168.59,505.77
1919,48,5,73.35,366.75
1920,69,4,40.64,162.56
1920,2,5,272.11,1360.55
1920,14,5,87.57,437.85
1921,23,4,219.45,877.8
1921,74,1,185.93,185.93
1921,77,3,178.23,534.69
1921,46,4,202.58,810.32
1922,19,1,229.34,229.34
1923,62,3,56.97,170.91
1924,69,1,40.64,40.64
1925,66,2,10.86,21.72
1925,23,1,219.45,219.45
1925,40,5,234.93,1174.65
1926,35,3,175.47,526.41
1926,7,3,177.69,533.07
1926,5,3,136.91,410.73
1926,55,3,170.97,512.91
1927,18,2,80.78,161.56
1928,63,1,261.47,261.47
1928,80,4,117.61,470.44
1929,22,2,123.4,246.8
1929,63,5,261.47,1307.35
1929,4,5,126.77,633.85
1930,70,1,25.74,25.74
1931,25,1,168.05,168.05
1932,19,5,229.34,1146.7
1932,35,2,175.47,350.94
1933,66,4,10.86,43.44
1933,9,5,195.34,976.7
1933,51,3,85.37,256.11
1933,57,5,84.84,424.2
1934,33,3,35.06,105.18
1935,69,3,40.64,121.92
1936,14,1,87.57,87.57
1936,2,2,272.11,544.22
1936,42,5,20.7,103.5
1936,31,4,220.38,881.52
1936,77,5,178.23,891.15
1937,75,5,117.26,586.3
1937,55,5,170.97,854.85
1938,75,2,117.26,234.52
1939,33,2,35.06,70.12
1939,49,1,162.16,162.16
1940,23,2,219.45,438.9
1940,35,2,175.47,350.94
1941,31,1,220.38,220.38
1941,73,2,36.13,72.26
1942,21,2,236.89,473.78
1942,73,5,36.13,180.65
1942,27,5,89.16,445.8
1943,16,1,20.19,20.19
1944,3,4,182.47,729.88
1944,9,4,195.34,781.36
1944,67,4,187.31,749.24
1945,72,4,255.33,1021.32
1945,62,1,56.97,56.97
1946,12,3,168.59,505.77
1947,11,1,115.12,115.12
1947,76,4,241.18,964.72
1947,66,3,10.86,32.58
1948,76,3,241.18,723.54
1949,3,2,182.47,364.94
1949,59,1,96.01,96.01
1949,52,3,168.92,506.76
1950,10,3,202.18,606.54
1951,55,1,170.97,170.97
1951,35,1,175.47,175.47
1951,12,4,168.59,674.36
1952,29,1,56.07,56.07
1952,37,4,181.31,725.24
1953,76,4,241.18,964.72
1953,35,1,175.47,175.47
1953,80,5,117.61,588.05
1954,71,3,165.35,496.05
1954,26,5,36.51,182.55
1955,21,5,236.89,1184.45
1955,50,4,122.1,488.4
1956,67,1,187.31,187.31
1956,73,4,36.13,144.52
1957,76,4,241.18,964.72
1958,3,2,182.47,364.94
1958,77,1,178.23,178.23
1958,31,1,220.38,220.38
1959,74,2,185.93,371.86
1959,72,4,255.33,1021.32
1960,74,1,185.93,185.93
1960,48,4,73.35,293.4
1960,18,3,80.78,242.34
1961,18,2,80.78,161.56
1961,63,1,261.47,261.47
1961,38,1,115.36,115.36
1961,50,5,122.1,610.5
1961,78,5,150.02,750.1
1962,18,4,80.78,323.12
1963,66,1,10.86,10.86
1963,76,4,241.18,964.72
1964,71,3,165.35,496.05
1965,65,1,88.02,88.02
1965,17,5,200.77,1003.85
1966,3,1,182.47,182.47
1966,7,4,177.69,710.76
1967,28,2,191.9,383.8
1968,36,1,177.6,177.6
1968,1,4,117.68,470.72
1968,8,5,224.7,1123.5
1969,18,4,80.78,323.12
1970,45,5,231.48,1157.4
1971,60,1,56.97,56.97
1971,14,3,87.57,262.71
1972,30,1,17.89,17.89
1972,57,5,84.84,424.2
1973,76,1,241.18,241.18
1973,41,4,194.51,778.04
1973,2,3,272.11,816.33
1974,42,3,20.7,62.1
1975,72,5,255.33,1276.65
1976,61,1,33.34,33.34
1977,40,5,234.93,1174.65
1978,46,5,202.58,1012.9
1979,28,3,191.9,575.7
1979,47,2,82.62,165.24
1979,57,4,84.84,339.36
1979,33,5,35.06,175.3
1979,68,1,150.75,150.75
1979,31,4,220.38,881.52
1980,25,5,168.05,840.25
1981,71,3,165.35,496.05
1982,39,5,193.11,965.55
1982,52,1,168.92,168.92
1982,18,3,80.78,242.34
1983,58,3,136.94,410.82
1983,80,1,117.61,117.61
1983,43,3,182.43,547.29
1984,77,3,178.23,534.69
1984,5,3,136.91,410.73
1984,70,1,25.74,25.74
1985,14,1,87.57,87.57
1985,30,1,17.89,17.89
1985,13,4,195.57,782.28
1986,19,4,229.34,917.36
1986,43,4,182.43,729.72
1986,38,1,115.36,115.36
1987,41,1,194.51,194.51
1987,35,2,175.47,350.94
1987,11,2,115.12,230.24
1987,23,4,219.45,877.8
1987,1,3,117.68,353.04
1988,7,1,177.69,177.69
1988,11,3,115.12,345.36
1988,41,2,194.51,389.02
1989,57,5,84.84,424.2
1990,25,4,168.05,672.2
1990,17,5,200.77,1003.85
1991,4,1,126.77,126.77
1991,30,1,17.89,17.89
1992,2,1,272.11,272.11
1992,27,1,89.16,89.16
1992,75,3,117.26,351.78
1993,37,5,181.31,906.55
1993,9,1,195.34,195.34
1993,10,2,202.18,404.36
1993,70,3,25.74,77.22
1993,39,5,193.11,965.55
1994,48,2,73.35,146.7
1994,73,1,36.13,36.13
1994,44,3,182.79,548.37
1995,74,1,185.93,185.93
1996,8,4,224.7,898.8
1996,10,4,202.18,808.72
1996,70,4,25.74,102.96
1997,17,2,200.77,401.54
1997,28,5,191.9,959.5
1998,29,4,56.07,224.28
1998,3,4,182.47,729.88
1998,1,4,117.68,470.72
1998,51,2,85.37,170.74
1999,28,4,191.9,767.6
2000,75,1,117.26,117.26
