order_id,order_date,customer_id,payment_method,discount_percent
1610,2023-01-01 02:24:40,42,Debit Card,0
1121,2023-01-01 05:34:16,31,Credit Card,10
1594,2023-01-01 10:27:24,118,NetBanking,10
444,2023-01-01 19:03:12,35,Debit Card,0
231,2023-01-02 07:46:13,123,Credit Card,0
798,2023-01-02 16:55:02,75,Cash on Delivery,15
1633,2023-01-03 03:48:29,124,Credit Card,10
710,2023-01-04 14:35:15,52,Debit Card,15
1660,2023-01-05 03:53:22,123,UPI,0
1106,2023-01-06 15:40:03,91,Wallet,15
1262,2023-01-06 17:22:46,41,Credit Card,0
1474,2023-01-07 02:53:47,46,Debit Card,0
1694,2023-01-08 06:14:22,96,UPI,0
1803,2023-01-08 07:04:08,79,UPI,15
807,2023-01-08 07:08:21,102,Wallet,0
568,2023-01-08 21:02:31,128,Credit Card,15
1455,2023-01-09 01:55:14,85,Debit Card,0
232,2023-01-09 12:30:32,31,UPI,5
28,2023-01-09 20:36:17,13,NetBanking,10
898,2023-01-10 02:13:22,69,UPI,0
1354,2023-01-10 04:39:30,133,Credit Card,0
1128,2023-01-10 05:45:50,92,Wallet,10
1068,2023-01-10 11:35:58,3,Debit Card,15
1992,2023-01-10 14:17:48,74,UPI,15
940,2023-01-10 18:41:54,40,Credit Card,15
827,2023-01-11 02:41:04,92,UPI,0
1570,2023-01-11 04:03:25,87,NetBanking,10
818,2023-01-11 16:30:29,99,NetBanking,5
922,2023-01-12 04:22:08,30,Credit Card,0
1946,2023-01-12 19:56:33,22,Credit Card,0
176,2023-01-13 00:36:32,136,Debit Card,15
425,2023-01-13 07:40:23,98,Credit Card,10
1006,2023-01-13 20:43:23,107,NetBanking,0
886,2023-01-14 18:13:47,96,Debit Card,5
1863,2023-01-14 18:49:04,25,UPI,15
413,2023-01-16 02:29:53,24,Debit Card,10
1960,2023-01-16 11:01:18,21,Wallet,10
43,2023-01-16 13:02:35,61,Debit Card,10
546,2023-01-16 22:40:50,144,Credit Card,10
1352,2023-01-17 00:15:51,98,Debit Card,5
1683,2023-01-17 02:46:36,27,Wallet,10
980,2023-01-17 19:33:56,150,NetBanking,0
1802,2023-01-17 22:12:18,83,NetBanking,5
1072,2023-01-19 23:26:06,148,Cash on Delivery,0
1344,2023-01-20 00:18:39,58,Debit Card,0
86,2023-01-20 09:19:04,56,UPI,0
496,2023-01-20 10:38:57,99,Cash on Delivery,0
1466,2023-01-20 11:01:16,98,Cash on Delivery,0
750,2023-01-20 15:21:52,148,UPI,0
1951,2023-01-21 01:40:39,112,Cash on Delivery,5
1831,2023-01-21 20:47:27,86,Wallet,0
1872,2023-01-21 23:51:05,68,Credit Card,10
990,2023-01-22 01:37:16,27,Debit Card,10
1749,2023-01-22 18:13:13,80,UPI,10
633,2023-01-23 08:27:31,134,Debit Card,15
393,2023-01-23 08:52:18,12,UPI,0
1856,2023-01-23 15:00:46,59,Credit Card,0
1296,2023-01-24 11:50:01,64,UPI,0
1572,2023-01-24 20:09:35,150,NetBanking,0
713,2023-01-24 20:20:07,59,Cash on Delivery,0
1297,2023-01-24 21:53:39,100,UPI,10
991,2023-01-25 08:15:10,110,Credit Card,5
1598,2023-01-25 11:27:08,125,NetBanking,0
597,2023-01-26 21:35:18,62,Debit Card,5
1051,2023-01-27 15:55:33,3,NetBanking,15
1159,2023-01-27 22:09:48,87,Wallet,0
506,2023-01-27 22:16:53,69,UPI,10
1801,2023-01-27 23:30:49,126,Debit Card,10
793,2023-01-28 02:07:47,77,Credit Card,5
853,2023-01-28 06:47:50,51,Cash on Delivery,0
1414,2023-01-29 20:40:59,145,Wallet,0
1915,2023-01-30 15:28:45,34,Wallet,0
1242,2023-01-30 22:18:56,40,NetBanking,15
12,2023-01-30 22:56:18,62,Credit Card,15
1868,2023-01-31 07:26:52,31,Credit Card,10
1173,2023-02-01 05:50:12,95,Debit Card,0
129,2023-02-02 20:50:47,29,Credit Card,0
38,2023-02-03 13:29:26,56,Debit Card,5
424,2023-02-03 18:17:40,89,Wallet,5
1175,2023-02-03 23:55:22,39,NetBanking,5
569,2023-02-04 01:22:43,146,NetBanking,5
1156,2023-02-06 08:33:35,113,NetBanking,15
1434,2023-02-06 17:04:27,123,Credit Card,0
18,2023-02-07 04:35:47,129,Debit Card,10
93,2023-02-07 10:41:02,52,NetBanking,0
1165,2023-02-07 13:03:38,123,Wallet,15
9,2023-02-07 16:33:34,23,Debit Card,0
297,2023-02-08 06:16:10,71,Credit Card,5
36,2023-02-08 11:04:53,127,Credit Card,0
409,2023-02-08 13:59:34,103,UPI,10
478,2023-02-08 16:45:41,92,Credit Card,0
1441,2023-02-09 05:13:27,27,Credit Card,15
1536,2023-02-09 17:44:50,23,Debit Card,5
361,2023-02-10 05:35:46,83,Credit Card,10
1548,2023-02-10 08:27:21,52,Debit Card,0
604,2023-02-11 04:51:21,26,UPI,15
1258,2023-02-11 08:31:50,130,Debit Card,0
1465,2023-02-11 09:56:01,118,Credit Card,15
637,2023-02-12 11:31:40,148,Debit Card,0
483,2023-02-12 11:37:33,139,Credit Card,10
1534,2023-02-12 17:53:20,9,Debit Card,5
1985,2023-02-13 17:57:48,80,Credit Card,15
1151,2023-02-14 11:26:13,90,UPI,10
1150,2023-02-16 00:32:32,64,Credit Card,0
800,2023-02-16 05:52:37,137,Credit Card,10
790,2023-02-16 17:53:38,6,Debit Card,0
337,2023-02-17 02:18:21,67,Debit Card,15
228,2023-02-17 03:37:31,118,Credit Card,0
1804,2023-02-18 07:15:02,134,Debit Card,15
162,2023-02-18 12:32:23,98,Debit Card,10
120,2023-02-19 01:50:24,73,UPI,5
1584,2023-02-19 08:19:20,24,Cash on Delivery,15
1079,2023-02-19 11:04:43,20,Debit Card,0
1911,2023-02-20 00:54:07,147,Wallet,0
58,2023-02-20 02:58:13,70,UPI,5
1090,2023-02-20 23:36:56,98,Cash on Delivery,15
1472,2023-02-21 02:53:28,100,UPI,0
1451,2023-02-22 07:15:37,56,UPI,0
230,2023-02-23 14:25:49,79,UPI,15
1742,2023-02-23 15:38:53,131,Credit Card,10
1464,2023-02-23 23:38:38,62,Debit Card,15
354,2023-02-24 02:03:39,52,NetBanking,0
282,2023-02-24 03:41:12,85,Cash on Delivery,0
1964,2023-02-24 09:37:26,94,Cash on Delivery,0
495,2023-02-24 16:55:43,3,Debit Card,0
315,2023-02-24 23:05:51,150,Cash on Delivery,10
439,2023-02-25 00:57:35,102,NetBanking,10
628,2023-02-25 02:18:25,96,UPI,0
1031,2023-02-25 07:42:00,6,Debit Card,15
1760,2023-02-26 04:15:07,100,Credit Card,10
247,2023-02-26 18:11:24,146,Debit Card,0
1861,2023-03-02 04:18:53,132,Credit Card,0
1820,2023-03-02 13:43:54,3,UPI,0
1664,2023-03-02 15:38:44,55,UPI,10
1221,2023-03-02 17:57:53,65,Debit Card,5
1673,2023-03-04 02:10:10,118,Debit Card,10
266,2023-03-04 03:11:37,72,Credit Card,5
1715,2023-03-04 09:45:02,13,Wallet,0
766,2023-03-04 14:19:06,10,Cash on Delivery,15
46,2023-03-04 17:26:21,103,UPI,5
1947,2023-03-05 08:33:52,142,Cash on Delivery,0
562,2023-03-05 13:26:34,141,Credit Card,0
1129,2023-03-06 06:21:11,39,UPI,0
1285,2023-03-07 22:15:35,74,NetBanking,15
1859,2023-03-08 13:30:13,114,UPI,10
1518,2023-03-08 14:28:26,97,Credit Card,0
1629,2023-03-09 01:46:51,9,Debit Card,0
537,2023-03-09 05:26:09,72,Debit Card,0
301,2023-03-09 11:19:39,130,Credit Card,5
1419,2023-03-09 12:19:07,64,Credit Card,0
873,2023-03-09 23:57:20,72,UPI,15
241,2023-03-11 00:30:07,68,Credit Card,0
611,2023-03-14 08:34:01,114,UPI,10
370,2023-03-14 20:56:01,59,Debit Card,0
917,2023-03-15 19:13:05,73,UPI,0
1623,2023-03-15 22:18:32,73,Credit Card,0
153,2023-03-16 01:38:56,109,NetBanking,0
362,2023-03-16 11:34:22,135,Cash on Delivery,0
1970,2023-03-16 14:10:50,139,Credit Card,0
415,2023-03-16 18:19:11,76,Cash on Delivery,0
69,2023-03-17 11:18:05,119,Credit Card,5
1515,2023-03-19 10:11:37,107,Credit Card,15
481,2023-03-22 02:02:09,86,Wallet,0
243,2023-03-22 18:36:57,53,UPI,0
1769,2023-03-22 21:57:06,42,Debit Card,0
1237,2023-03-22 22:02:28,55,Cash on Delivery,0
1288,2023-03-22 22:59:16,125,Cash on Delivery,10
1166,2023-03-23 10:03:54,142,Cash on Delivery,0
1798,2023-03-23 11:56:15,48,NetBanking,10
447,2023-03-23 15:22:23,62,NetBanking,10
630,2023-03-24 14:13:27,46,Cash on Delivery,0
595,2023-03-24 16:44:05,75,Credit Card,15
155,2023-03-24 19:38:07,35,Wallet,15
5,2023-03-24 21:46:25,11,NetBanking,5
1616,2023-03-25 08:49:44,42,UPI,10
1501,2023-03-25 15:01:25,88,UPI,0
575,2023-03-26 04:37:02,130,Wallet,0
1978,2023-03-26 07:45:46,19,Debit Card,0
1385,2023-03-27 00:28:14,26,Wallet,15
1435,2023-03-27 02:27:14,62,UPI,5
737,2023-03-27 10:35:03,120,Credit Card,5
1729,2023-03-27 22:16:39,130,NetBanking,5
566,2023-03-28 04:59:45,107,Wallet,5
1556,2023-03-28 05:17:59,11,Debit Card,0
951,2023-03-28 19:15:49,132,Debit Card,0
815,2023-03-29 02:12:34,9,Debit Card,5
395,2023-03-29 07:53:09,115,Cash on Delivery,10
486,2023-03-29 14:30:35,129,NetBanking,5
1014,2023-03-29 20:45:27,145,UPI,0
412,2023-03-30 10:02:47,103,UPI,0
233,2023-04-02 03:43:45,27,Debit Card,0
1582,2023-04-02 15:55:25,66,Credit Card,0
561,2023-04-02 21:12:59,3,Cash on Delivery,10
517,2023-04-04 04:09:23,116,Debit Card,15
40,2023-04-04 07:43:21,6,NetBanking,0
1559,2023-04-04 17:49:42,88,UPI,10
151,2023-04-04 18:34:55,115,UPI,0
1886,2023-04-04 23:35:28,22,UPI,0
1082,2023-04-05 09:36:18,76,Credit Card,15
1841,2023-04-05 11:01:27,51,Debit Card,5
1055,2023-04-06 02:49:02,127,Cash on Delivery,0
852,2023-04-06 06:14:28,27,UPI,15
1608,2023-04-06 22:27:34,99,Debit Card,0
256,2023-04-08 18:24:07,35,Wallet,15
1201,2023-04-09 07:58:15,29,Debit Card,0
1411,2023-04-09 11:19:49,91,NetBanking,0
1403,2023-04-09 18:28:32,122,Debit Card,10
918,2023-04-10 04:45:57,83,Wallet,10
775,2023-04-11 05:20:09,109,Credit Card,5
377,2023-04-11 07:11:15,149,Cash on Delivery,5
686,2023-04-11 17:46:50,26,UPI,15
677,2023-04-12 01:55:27,18,UPI,5
1876,2023-04-12 05:24:16,56,Debit Card,5
1215,2023-04-13 09:37:18,148,Debit Card,5
986,2023-04-13 13:45:28,99,Credit Card,0
137,2023-04-13 15:02:52,85,UPI,15
1319,2023-04-13 19:44:49,56,UPI,10
1604,2023-04-14 05:18:48,144,Credit Card,0
1016,2023-04-14 18:17:01,39,UPI,0
1745,2023-04-15 13:29:30,116,UPI,15
1232,2023-04-16 07:52:49,72,Debit Card,0
1325,2023-04-16 10:55:29,54,UPI,10
1145,2023-04-17 01:17:46,128,Credit Card,10
584,2023-04-17 16:14:10,90,NetBanking,0
937,2023-04-18 04:29:47,45,NetBanking,10
1085,2023-04-19 04:44:07,57,Debit Card,0
1174,2023-04-19 22:10:27,55,UPI,0
1013,2023-04-20 02:22:41,55,Credit Card,10
1670,2023-04-20 12:25:42,53,Credit Card,5
1898,2023-04-21 08:28:13,55,NetBanking,5
1064,2023-04-21 22:06:39,99,Credit Card,5
1170,2023-04-22 02:49:15,130,Credit Card,5
1433,2023-04-22 04:20:50,102,Cash on Delivery,0
895,2023-04-23 16:24:29,146,Credit Card,0
631,2023-04-25 05:23:12,128,Wallet,0
1272,2023-04-25 06:30:40,109,NetBanking,10
1510,2023-04-26 01:31:00,100,NetBanking,0
489,2023-04-26 15:03:29,109,Debit Card,0
1359,2023-04-26 17:19:09,119,Wallet,5
1669,2023-04-26 20:55:10,1,Credit Card,15
997,2023-04-26 21:02:19,110,Debit Card,15
1942,2023-04-26 23:31:21,141,Credit Card,5
209,2023-04-27 09:33:07,126,Cash on Delivery,10
195,2023-04-27 20:31:45,52,Cash on Delivery,10
376,2023-04-28 06:36:10,146,Wallet,0
978,2023-04-29 00:03:03,89,UPI,15
670,2023-04-29 14:00:34,73,UPI,5
724,2023-04-30 11:24:20,12,UPI,0
751,2023-04-30 18:00:52,89,UPI,5
1004,2023-05-01 05:12:33,97,Credit Card,15
1693,2023-05-01 07:26:00,94,NetBanking,15
779,2023-05-01 07:44:31,117,Credit Card,5
1388,2023-05-01 08:41:15,93,UPI,10
1139,2023-05-01 18:09:27,60,UPI,0
123,2023-05-02 04:41:04,25,Debit Card,5
316,2023-05-03 13:53:46,136,Debit Card,0
1686,2023-05-04 10:12:34,116,Credit Card,0
1516,2023-05-04 23:10:54,8,Credit Card,5
1471,2023-05-05 02:02:41,36,Cash on Delivery,0
104,2023-05-06 04:56:30,19,Credit Card,5
783,2023-05-06 19:56:06,90,Wallet,0
772,2023-05-07 01:44:16,32,Debit Card,5
669,2023-05-07 16:57:46,29,Credit Card,10
1023,2023-05-07 20:42:25,125,Debit Card,0
880,2023-05-09 03:20:27,45,UPI,10
100,2023-05-10 02:26:52,61,Debit Card,15
661,2023-05-12 05:10:59,59,Credit Card,0
1851,2023-05-12 21:14:35,128,NetBanking,0
1131,2023-05-13 11:47:57,149,UPI,0
262,2023-05-14 07:12:49,103,UPI,0
550,2023-05-15 03:22:58,120,UPI,0
1212,2023-05-15 09:49:49,22,Credit Card,0
734,2023-05-15 13:04:20,25,UPI,0
428,2023-05-15 20:58:03,59,NetBanking,0
1692,2023-05-16 10:44:26,118,UPI,0
485,2023-05-16 12:14:22,22,UPI,5
240,2023-05-16 14:05:03,146,Debit Card,5
1959,2023-05-16 15:42:52,92,Wallet,5
1609,2023-05-17 07:04:52,108,Credit Card,10
1621,2023-05-17 10:36:37,94,UPI,15
1734,2023-05-18 02:06:34,20,UPI,0
839,2023-05-18 03:03:33,76,UPI,5
527,2023-05-18 04:26:33,71,UPI,0
1835,2023-05-18 13:15:50,102,NetBanking,15
744,2023-05-19 00:30:18,49,Wallet,0
192,2023-05-19 11:05:32,2,Debit Card,5
1922,2023-05-19 14:52:29,68,UPI,0
215,2023-05-20 07:06:15,99,UPI,10
1973,2023-05-20 07:16:03,12,UPI,0
1120,2023-05-20 08:08:20,40,UPI,0
1652,2023-05-20 17:14:13,127,Cash on Delivery,10
1896,2023-05-21 09:24:46,102,Credit Card,5
1348,2023-05-21 16:00:24,32,Credit Card,5
1196,2023-05-21 21:20:53,97,UPI,0
1148,2023-05-22 04:12:29,113,Wallet,0
1883,2023-05-22 05:51:05,31,Cash on Delivery,5
81,2023-05-22 09:06:08,14,UPI,15
1143,2023-05-23 07:26:09,141,Debit Card,15
190,2023-05-23 09:47:27,78,UPI,0
1784,2023-05-23 11:55:11,146,Cash on Delivery,5
660,2023-05-23 16:05:25,134,Credit Card,0
1500,2023-05-24 05:31:06,27,Credit Card,10
1966,2023-05-25 04:35:58,94,Wallet,5
1955,2023-05-25 13:45:34,137,UPI,15
603,2023-05-25 15:06:55,44,Debit Card,15
1854,2023-05-25 17:32:37,14,Credit Card,5
1032,2023-05-26 02:31:17,71,Credit Card,5
1371,2023-05-26 08:04:39,5,NetBanking,0
1852,2023-05-26 10:01:45,49,Cash on Delivery,5
255,2023-05-26 10:11:17,24,Cash on Delivery,0
570,2023-05-26 19:09:57,72,UPI,5
1428,2023-05-26 21:47:59,64,UPI,10
1235,2023-05-27 06:00:03,122,Debit Card,0
1108,2023-05-27 07:09:45,111,Cash on Delivery,10
673,2023-05-27 14:22:28,103,UPI,15
702,2023-05-28 03:53:20,45,Cash on Delivery,0
1377,2023-05-28 17:30:36,42,Debit Card,0
778,2023-05-28 18:24:54,33,NetBanking,5
551,2023-05-28 22:27:43,67,Debit Card,0
1219,2023-05-28 22:56:04,22,UPI,0
524,2023-05-29 01:10:50,148,Debit Card,10
1552,2023-05-29 02:28:32,123,Cash on Delivery,10
1962,2023-05-29 10:12:23,24,NetBanking,10
580,2023-05-29 19:18:46,112,Debit Card,0
1748,2023-05-29 19:29:18,94,Debit Card,10
765,2023-05-30 00:21:43,133,Credit Card,0
355,2023-05-30 02:15:30,76,NetBanking,0
1030,2023-05-30 23:18:34,55,UPI,0
676,2023-05-31 16:33:09,28,Debit Card,0
1627,2023-06-02 02:40:26,73,UPI,0
1626,2023-06-02 05:39:04,10,Credit Card,0
1416,2023-06-02 16:12:20,8,Credit Card,10
202,2023-06-04 12:33:35,7,Credit Card,5
1036,2023-06-04 16:41:57,38,Wallet,5
781,2023-06-06 04:17:12,96,Cash on Delivery,0
67,2023-06-06 23:51:58,20,Cash on Delivery,0
730,2023-06-07 01:03:04,21,Wallet,5
284,2023-06-07 01:59:04,93,Debit Card,0
1381,2023-06-07 02:33:47,88,Cash on Delivery,0
541,2023-06-07 06:55:31,88,NetBanking,5
650,2023-06-07 09:33:49,77,Wallet,15
565,2023-06-07 10:30:10,33,Credit Card,0
1695,2023-06-07 15:06:41,28,Credit Card,5
1928,2023-06-07 16:17:28,74,UPI,10
403,2023-06-08 15:30:46,150,Debit Card,0
440,2023-06-09 03:04:10,100,Credit Card,0
1251,2023-06-09 19:35:10,146,Cash on Delivery,0
855,2023-06-10 04:01:55,34,Debit Card,10
1211,2023-06-10 10:18:25,78,Credit Card,0
373,2023-06-10 19:25:22,57,NetBanking,0
1495,2023-06-10 21:37:16,114,Credit Card,0
616,2023-06-10 23:13:43,44,Cash on Delivery,10
1583,2023-06-11 06:08:11,57,UPI,10
260,2023-06-11 11:04:34,11,Wallet,0
1049,2023-06-12 15:55:31,60,NetBanking,0
1514,2023-06-13 03:32:24,14,Credit Card,0
1457,2023-06-13 05:32:05,42,Credit Card,5
697,2023-06-13 09:55:44,35,Debit Card,0
907,2023-06-14 11:53:15,99,Credit Card,0
1766,2023-06-14 20:35:10,18,Credit Card,0
1833,2023-06-15 02:01:06,85,UPI,0
1546,2023-06-15 03:08:41,147,UPI,0
953,2023-06-15 05:05:33,91,Debit Card,15
1475,2023-06-16 14:22:09,76,Debit Card,10
305,2023-06-16 20:50:07,55,UPI,0
1347,2023-06-17 15:26:51,70,Cash on Delivery,0
150,2023-06-18 11:56:47,134,Credit Card,5
391,2023-06-19 08:22:25,20,UPI,10
891,2023-06-19 15:32:30,65,Debit Card,15
1259,2023-06-20 10:56:37,135,Cash on Delivery,0
1373,2023-06-20 13:38:02,41,UPI,0
98,2023-06-20 16:09:43,90,Credit Card,5
972,2023-06-20 21:48:52,71,Cash on Delivery,15
687,2023-06-20 22:23:06,77,Cash on Delivery,0
1065,2023-06-21 01:13:44,131,UPI,0
573,2023-06-21 01:17:10,78,NetBanking,15
216,2023-06-21 03:00:35,145,NetBanking,0
292,2023-06-21 07:42:52,50,Credit Card,0
835,2023-06-21 18:31:05,100,NetBanking,15
1799,2023-06-21 20:57:04,44,Cash on Delivery,5
893,2023-06-22 17:54:11,1,Credit Card,0
992,2023-06-23 04:00:35,58,Cash on Delivery,0
173,2023-06-23 05:05:44,140,Credit Card,5
1358,2023-06-23 05:45:31,26,Debit Card,0
574,2023-06-23 20:51:25,14,Cash on Delivery,15
894,2023-06-24 06:25:21,96,NetBanking,0
1047,2023-06-24 20:49:57,111,UPI,0
872,2023-06-27 00:32:45,103,Debit Card,15
480,2023-06-27 17:46:39,148,UPI,0
1522,2023-06-28 21:07:29,103,UPI,0
1519,2023-06-29 00:28:59,148,UPI,0
947,2023-06-29 02:44:06,94,UPI,0
271,2023-06-29 17:51:22,10,Credit Card,0
558,2023-06-30 11:12:54,104,UPI,0
1091,2023-06-30 21:37:43,71,UPI,10
1461,2023-07-01 04:54:47,77,Debit Card,15
1982,2023-07-01 11:34:30,59,Cash on Delivery,5
304,2023-07-01 17:16:44,142,Debit Card,0
672,2023-07-03 00:27:55,126,Credit Card,15
1912,2023-07-03 01:42:34,76,Cash on Delivery,5
1228,2023-07-03 05:28:26,121,Cash on Delivery,0
836,2023-07-03 11:43:02,96,UPI,10
651,2023-07-03 17:54:32,63,Credit Card,0
76,2023-07-04 07:47:54,88,Credit Card,5
1958,2023-07-04 13:13:01,117,UPI,0
1390,2023-07-05 00:52:44,85,Debit Card,0
960,2023-07-05 06:52:09,39,Credit Card,0
939,2023-07-05 12:34:02,137,UPI,10
1827,2023-07-06 06:16:55,40,Cash on Delivery,10
212,2023-07-07 13:35:29,37,Debit Card,10
1123,2023-07-08 08:33:12,140,Wallet,0
983,2023-07-09 06:24:43,49,UPI,10
1363,2023-07-09 10:57:46,85,Cash on Delivery,15
925,2023-07-09 14:45:27,6,UPI,5
1972,2023-07-10 15:33:40,21,Wallet,15
1796,2023-07-10 23:14:23,64,Cash on Delivery,15
214,2023-07-11 11:27:12,116,Credit Card,10
300,2023-07-12 16:04:56,55,NetBanking,5
1137,2023-07-14 07:33:14,147,UPI,5
954,2023-07-14 10:22:22,11,Debit Card,0
1351,2023-07-15 07:39:28,24,Debit Card,10
1561,2023-07-15 12:41:20,79,Wallet,0
1847,2023-07-17 15:42:30,98,Credit Card,0
969,2023-07-17 16:13:47,26,Cash on Delivery,0
1245,2023-07-17 18:15:35,38,Debit Card,15
788,2023-07-17 22:31:34,139,NetBanking,10
1647,2023-07-18 17:25:42,90,Debit Card,0
644,2023-07-19 17:51:26,82,UPI,10
1273,2023-07-22 18:44:48,117,Credit Card,5
453,2023-07-23 16:46:42,25,UPI,10
285,2023-07-24 03:31:52,7,Credit Card,0
1134,2023-07-24 07:07:33,65,Debit Card,5
491,2023-07-24 13:36:37,40,Wallet,15
31,2023-07-25 04:48:42,139,UPI,0
465,2023-07-26 03:53:51,125,Credit Card,0
329,2023-07-26 13:01:53,105,Credit Card,0
1086,2023-07-27 14:34:15,49,Debit Card,0
1821,2023-07-28 20:07:29,119,Credit Card,0
41,2023-07-30 02:29:52,142,UPI,0
1379,2023-07-30 16:08:34,37,Debit Card,15
1153,2023-07-30 18:01:11,92,Debit Card,0
158,2023-07-31 02:26:59,26,Credit Card,10
1101,2023-07-31 03:15:01,50,UPI,5
754,2023-08-01 10:17:02,23,UPI,15
871,2023-08-01 19:43:22,102,Credit Card,5
1815,2023-08-02 00:12:10,83,UPI,0
1533,2023-08-02 11:03:37,110,UPI,10
1725,2023-08-02 12:55:38,50,Debit Card,10
1234,2023-08-03 06:07:13,1,Cash on Delivery,0
352,2023-08-03 22:43:30,75,Debit Card,15
427,2023-08-04 15:15:31,96,Wallet,0
578,2023-08-04 21:02:07,89,UPI,0
1291,2023-08-05 04:01:40,147,Credit Card,0
1267,2023-08-05 10:59:35,112,Debit Card,0
965,2023-08-06 10:23:17,121,Cash on Delivery,0
1976,2023-08-07 15:00:18,89,UPI,0
1551,2023-08-08 03:36:22,45,UPI,5
688,2023-08-08 10:27:44,68,Debit Card,0
477,2023-08-08 11:27:55,6,Wallet,15
776,2023-08-08 16:14:39,20,UPI,0
717,2023-08-09 10:18:09,49,Credit Card,5
1736,2023-08-09 22:05:04,130,Credit Card,0
469,2023-08-10 18:54:49,25,NetBanking,0
949,2023-08-11 11:05:53,132,Cash on Delivery,0
1771,2023-08-12 16:17:33,20,UPI,15
420,2023-08-12 20:53:17,69,Cash on Delivery,0
975,2023-08-12 21:33:29,3,UPI,10
590,2023-08-12 22:21:13,28,NetBanking,5
1967,2023-08-13 12:27:29,105,Cash on Delivery,0
1571,2023-08-14 22:30:43,147,Cash on Delivery,0
618,2023-08-16 21:32:44,39,Wallet,10
106,2023-08-18 04:25:07,52,Credit Card,0
249,2023-08-18 11:42:59,64,Cash on Delivery,5
217,2023-08-19 19:34:25,74,NetBanking,0
3,2023-08-19 23:34:46,39,Wallet,0
1735,2023-08-20 08:25:23,102,UPI,10
288,2023-08-20 09:46:40,145,Credit Card,0
846,2023-08-21 07:38:28,122,UPI,0
1975,2023-08-21 23:30:54,37,UPI,10
128,2023-08-22 01:52:11,150,Credit Card,5
1484,2023-08-22 06:54:56,125,NetBanking,10
1317,2023-08-22 08:52:53,150,UPI,10
1712,2023-08-22 11:42:38,95,Credit Card,15
185,2023-08-22 12:57:16,142,Debit Card,5
1924,2023-08-22 15:39:31,89,UPI,15
1638,2023-08-23 01:28:34,57,Credit Card,5
1353,2023-08-23 03:04:29,100,Credit Card,5
1689,2023-08-23 20:57:34,72,Debit Card,0
1862,2023-08-24 03:39:16,116,Debit Card,5
1699,2023-08-24 19:25:32,29,UPI,10
1668,2023-08-25 09:06:07,12,Credit Card,15
1657,2023-08-26 01:47:12,71,Wallet,0
184,2023-08-26 02:46:03,88,NetBanking,10
450,2023-08-27 03:17:02,39,UPI,0
1168,2023-08-27 04:10:00,10,UPI,0
479,2023-08-27 09:19:46,77,UPI,0
563,2023-08-29 15:43:05,101,Debit Card,15
1588,2023-08-30 00:37:32,51,NetBanking,10
1261,2023-08-30 07:24:09,112,NetBanking,0
84,2023-08-30 14:03:35,21,Credit Card,0
1838,2023-08-31 23:12:28,137,Cash on Delivery,5
1149,2023-09-01 08:26:53,24,Credit Card,10
87,2023-09-01 10:57:52,32,Credit Card,0
701,2023-09-01 21:50:19,32,Debit Card,0
826,2023-09-02 17:30:12,85,Debit Card,15
861,2023-09-03 05:45:00,71,UPI,15
136,2023-09-03 08:49:39,13,Cash on Delivery,15
906,2023-09-04 08:51:37,55,NetBanking,0
239,2023-09-04 18:11:21,19,Wallet,10
1469,2023-09-06 02:42:33,46,Credit Card,0
165,2023-09-06 09:17:02,53,UPI,0
1180,2023-09-08 14:50:27,150,Credit Card,15
946,2023-09-08 19:13:40,11,Debit Card,10
1067,2023-09-09 02:38:41,56,Debit Card,15
1449,2023-09-09 07:53:57,49,Credit Card,10
985,2023-09-09 16:34:00,104,NetBanking,0
488,2023-09-10 08:49:20,19,NetBanking,0
132,2023-09-10 10:09:29,143,Credit Card,0
1574,2023-09-10 14:47:47,57,UPI,0
834,2023-09-11 01:56:20,72,Wallet,0
1315,2023-09-11 08:54:32,66,Credit Card,15
157,2023-09-11 16:46:15,89,Debit Card,0
498,2023-09-11 19:16:31,79,UPI,0
987,2023-09-12 03:02:37,69,Cash on Delivery,0
302,2023-09-13 01:12:14,117,Cash on Delivery,0
1220,2023-09-13 03:03:15,37,UPI,5
860,2023-09-13 06:32:17,111,Debit Card,5
1585,2023-09-14 02:53:08,135,UPI,0
1111,2023-09-14 04:56:25,107,Credit Card,10
1681,2023-09-15 09:54:03,52,Debit Card,15
863,2023-09-16 07:33:00,130,UPI,0
810,2023-09-16 20:23:35,117,Cash on Delivery,0
74,2023-09-16 23:54:17,39,Credit Card,0
197,2023-09-16 23:58:52,40,Debit Card,15
91,2023-09-17 00:35:28,92,Debit Card,0
94,2023-09-17 01:19:59,49,Debit Card,0
405,2023-09-17 11:09:53,148,NetBanking,0
1532,2023-09-17 16:28:43,31,Cash on Delivery,5
1527,2023-09-18 20:02:28,43,Credit Card,15
582,2023-09-19 23:49:26,150,UPI,5
720,2023-09-20 02:39:35,25,Credit Card,10
366,2023-09-20 19:40:09,73,Cash on Delivery,0
695,2023-09-20 21:53:24,61,Credit Card,5
1309,2023-09-21 23:11:01,59,Wallet,0
1612,2023-09-22 21:00:34,143,Wallet,10
896,2023-09-23 14:53:01,113,Cash on Delivery,15
1167,2023-09-23 18:01:11,33,UPI,0
529,2023-09-23 19:07:44,148,Debit Card,10
384,2023-09-24 19:47:13,139,UPI,5
1935,2023-09-25 09:32:06,110,Wallet,0
145,2023-09-25 13:57:55,61,NetBanking,5
679,2023-09-25 19:44:58,88,UPI,10
103,2023-09-26 09:28:36,115,Cash on Delivery,0
1997,2023-09-27 01:36:18,62,UPI,5
220,2023-09-27 12:41:28,23,Wallet,5
360,2023-09-28 04:44:08,42,Wallet,10
979,2023-09-28 04:51:52,105,Debit Card,10
1661,2023-09-28 05:46:55,144,Credit Card,0
331,2023-09-28 16:54:13,13,Wallet,0
283,2023-09-29 10:14:59,77,Credit Card,0
1963,2023-09-30 06:26:43,42,UPI,0
1877,2023-09-30 09:02:17,60,NetBanking,0
1316,2023-09-30 20:05:48,72,NetBanking,0
1088,2023-10-01 01:02:26,122,Debit Card,15
735,2023-10-02 20:30:01,109,Wallet,0
1404,2023-10-03 20:54:29,14,UPI,5
1763,2023-10-04 00:36:44,127,Debit Card,5
995,2023-10-05 18:10:37,95,NetBanking,0
59,2023-10-07 07:50:55,132,Credit Card,0
802,2023-10-07 08:57:14,83,Debit Card,15
1061,2023-10-08 17:32:00,52,UPI,0
1189,2023-10-08 17:43:04,113,Debit Card,0
1071,2023-10-09 15:20:12,31,UPI,0
1093,2023-10-10 08:14:43,104,Credit Card,5
15,2023-10-10 15:06:27,88,Debit Card,15
380,2023-10-11 13:05:18,35,Wallet,15
237,2023-10-11 23:28:11,22,UPI,0
1855,2023-10-12 02:11:44,43,Debit Card,10
1070,2023-10-12 22:07:59,20,Debit Card,10
208,2023-10-13 02:16:40,148,UPI,0
1968,2023-10-13 17:06:44,46,UPI,25
1575,2023-10-14 03:54:35,1,Debit Card,0
1022,2023-10-14 20:59:24,94,NetBanking,5
615,2023-10-15 04:58:11,29,Credit Card,5
576,2023-10-15 10:01:13,66,UPI,0
964,2023-10-15 12:46:49,108,Credit Card,0
1508,2023-10-16 09:40:18,143,Credit Card,0
309,2023-10-17 10:52:01,28,UPI,15
1674,2023-10-18 10:10:12,46,UPI,5
885,2023-10-18 13:39:31,144,Debit Card,10
1773,2023-10-19 01:55:33,61,Wallet,15
378,2023-10-19 22:33:21,18,UPI,0
154,2023-10-21 14:53:11,47,Cash on Delivery,0
242,2023-10-21 22:53:08,129,Debit Card,5
1445,2023-10-21 23:11:45,45,Wallet,5
419,2023-10-22 03:23:10,103,Debit Card,15
1813,2023-10-22 06:28:21,129,UPI,0
646,2023-10-23 05:57:48,109,Credit Card,15
372,2023-10-24 10:58:18,23,Debit Card,0
1878,2023-10-24 21:13:17,146,Debit Card,0
749,2023-10-25 01:20:51,125,UPI,5
1017,2023-10-25 05:52:11,39,Wallet,15
1203,2023-10-25 09:45:17,130,NetBanking,0
105,2023-10-25 10:55:15,41,NetBanking,15
1026,2023-10-25 13:40:59,41,Credit Card,10
323,2023-10-25 16:35:59,134,Debit Card,10
189,2023-10-26 15:03:58,100,UPI,0
513,2023-10-26 16:00:13,102,Debit Card,0
1438,2023-10-26 18:24:29,17,Debit Card,5
854,2023-10-26 19:05:33,18,Credit Card,20
194,2023-10-26 23:02:35,126,Debit Card,10
1462,2023-10-27 03:01:28,91,UPI,10
1422,2023-10-27 22:48:15,110,Credit Card,5
1891,2023-10-27 23:18:05,12,NetBanking,10
1154,2023-10-27 23:47:54,63,Debit Card,10
897,2023-10-28 03:07:13,97,Credit Card,10
313,2023-10-28 03:33:13,121,NetBanking,0
1722,2023-10-28 06:58:42,6,Debit Card,25
1918,2023-10-29 06:35:29,116,UPI,5
1330,2023-10-29 13:35:52,7,Debit Card,0
351,2023-10-29 16:29:15,35,NetBanking,0
621,2023-10-30 08:42:14,24,Debit Card,0
311,2023-10-30 09:26:43,108,Credit Card,5
462,2023-10-30 09:35:17,139,NetBanking,0
1163,2023-10-30 12:17:21,147,Debit Card,15
1602,2023-10-30 13:37:05,14,Debit Card,0
877,2023-10-31 07:21:18,39,Credit Card,10
976,2023-10-31 09:46:34,142,UPI,5
115,2023-11-01 16:30:46,19,Debit Card,25
179,2023-11-04 02:56:06,9,Debit Card,0
874,2023-11-05 21:48:14,128,NetBanking,0
1839,2023-11-06 08:36:10,100,Wallet,30
1127,2023-11-07 01:14:27,114,Debit Card,0
1289,2023-11-08 10:37:29,81,Credit Card,5
797,2023-11-08 20:41:21,105,UPI,20
375,2023-11-09 07:38:52,89,UPI,0
1424,2023-11-11 21:23:20,147,NetBanking,20
1512,2023-11-14 00:27:00,56,Credit Card,0
443,2023-11-14 12:38:24,124,Debit Card,15
75,2023-11-14 20:20:59,97,Wallet,15
881,2023-11-15 05:58:36,51,UPI,0
1380,2023-11-15 19:05:13,27,Credit Card,15
1893,2023-11-16 05:31:22,17,Debit Card,20
1659,2023-11-16 15:17:52,24,NetBanking,15
1653,2023-11-16 19:33:16,109,Credit Card,5
1568,2023-11-17 04:20:55,36,Credit Card,5
50,2023-11-17 09:16:48,96,UPI,0
2000,2023-11-17 09:17:16,34,UPI,10
725,2023-11-17 15:51:57,43,UPI,0
1181,2023-11-18 04:17:41,21,Cash on Delivery,5
1709,2023-11-18 13:48:54,121,UPI,0
1408,2023-11-19 00:14:48,14,UPI,15
1095,2023-11-19 02:31:43,43,UPI,0
1873,2023-11-19 09:04:35,17,Credit Card,0
371,2023-11-20 00:36:53,100,UPI,20
841,2023-11-21 09:56:25,98,Debit Card,5
187,2023-11-21 13:07:57,28,Debit Card,10
258,2023-11-22 16:29:03,70,Credit Card,5
878,2023-11-22 23:25:58,11,Debit Card,10
1188,2023-11-23 06:29:45,37,NetBanking,0
117,2023-11-23 08:48:05,120,Credit Card,5
280,2023-11-23 09:30:26,27,Wallet,0
1857,2023-11-24 09:30:17,41,Credit Card,15
912,2023-11-24 13:17:24,33,UPI,10
1491,2023-11-26 02:57:37,136,Cash on Delivery,5
268,2023-11-26 14:08:25,70,Credit Card,15
1222,2023-11-26 20:34:56,105,NetBanking,5
454,2023-11-27 05:46:29,11,UPI,15
533,2023-11-28 00:13:23,30,Debit Card,15
1398,2023-11-28 08:11:08,114,UPI,5
461,2023-11-28 17:03:13,71,UPI,10
23,2023-11-29 02:02:35,76,Credit Card,0
64,2023-11-29 06:15:27,118,Credit Card,15
1276,2023-11-29 10:50:17,10,Credit Card,25
294,2023-11-30 10:03:22,134,Credit Card,5
1806,2023-12-01 11:56:00,52,Debit Card,5
1782,2023-12-02 05:47:48,23,UPI,5
1656,2023-12-02 06:43:38,24,UPI,0
1364,2023-12-02 15:21:55,96,Cash on Delivery,30
35,2023-12-02 22:12:44,57,Cash on Delivery,25
1240,2023-12-03 03:25:34,95,Credit Card,0
950,2023-12-03 10:51:45,91,Credit Card,15
819,2023-12-03 21:24:05,50,NetBanking,15
1641,2023-12-03 23:33:03,63,Cash on Delivery,10
731,2023-12-04 01:35:47,116,Cash on Delivery,0
1207,2023-12-04 04:42:16,139,Credit Card,0
1622,2023-12-05 03:38:23,10,UPI,15
1933,2023-12-05 08:21:23,79,NetBanking,15
330,2023-12-05 08:32:17,1,Cash on Delivery,0
277,2023-12-06 02:49:58,61,Credit Card,0
272,2023-12-06 22:21:35,52,Credit Card,0
1814,2023-12-07 00:55:28,35,Credit Card,0
318,2023-12-07 22:58:30,46,Credit Card,0
748,2023-12-08 00:17:12,27,Debit Card,15
993,2023-12-08 04:18:32,93,UPI,0
65,2023-12-08 06:07:17,20,UPI,10
544,2023-12-08 16:59:54,12,UPI,0
1761,2023-12-09 00:55:40,13,Credit Card,0
1983,2023-12-09 01:55:56,115,NetBanking,5
812,2023-12-09 02:58:42,147,Credit Card,0
1509,2023-12-09 07:07:40,84,UPI,0
1999,2023-12-09 11:56:43,3,Wallet,10
1961,2023-12-10 18:35:11,81,UPI,0
1619,2023-12-11 05:47:45,84,Credit Card,10
1184,2023-12-11 12:15:24,28,Cash on Delivery,30
583,2023-12-12 06:33:02,81,Wallet,15
870,2023-12-12 06:59:45,17,Credit Card,0
113,2023-12-12 20:31:14,11,NetBanking,15
948,2023-12-13 09:05:37,139,Debit Card,10
1990,2023-12-14 01:09:53,113,Credit Card,10
598,2023-12-14 02:02:27,87,Credit Card,20
1543,2023-12-15 21:14:49,127,Wallet,0
1906,2023-12-15 21:25:16,67,Credit Card,0
910,2023-12-15 21:33:40,49,UPI,15
1437,2023-12-16 09:07:53,45,Cash on Delivery,0
344,2023-12-16 13:13:44,14,Debit Card,0
1247,2023-12-16 16:58:32,146,Credit Card,25
1864,2023-12-17 02:12:49,119,Debit Card,5
1744,2023-12-17 10:51:57,61,Cash on Delivery,5
1252,2023-12-17 18:20:29,142,Credit Card,15
822,2023-12-18 10:35:50,95,UPI,0
864,2023-12-18 14:32:22,50,Credit Card,15
1665,2023-12-19 04:57:33,104,UPI,10
1768,2023-12-20 14:36:40,28,Credit Card,5
1993,2023-12-23 04:35:22,9,UPI,0
1039,2023-12-23 07:38:14,49,Credit Card,15
904,2023-12-23 15:34:47,122,Cash on Delivery,15
1027,2023-12-24 16:57:43,120,Wallet,15
1908,2023-12-26 04:07:42,19,NetBanking,20
636,2023-12-28 10:21:14,117,Credit Card,0
1194,2023-12-29 02:52:43,57,UPI,20
265,2023-12-29 07:49:03,48,Credit Card,5
52,2023-12-29 15:23:55,14,Debit Card,0
1089,2023-12-29 15:42:34,55,Debit Card,0
942,2023-12-29 17:03:48,129,UPI,10
314,2023-12-30 08:07:52,79,Debit Card,5
1603,2023-12-30 18:39:42,142,Credit Card,15
261,2023-12-31 14:25:36,132,Debit Card,0
1492,2023-12-31 22:35:50,124,Cash on Delivery,20
1015,2024-01-01 10:16:55,102,Credit Card,10
1313,2024-01-01 18:09:37,118,Cash on Delivery,10
756,2024-01-03 09:29:44,92,Credit Card,15
455,2024-01-05 01:53:47,56,Credit Card,0
364,2024-01-05 10:41:19,56,UPI,10
1740,2024-01-05 14:13:15,102,Credit Card,10
654,2024-01-05 15:16:26,92,Debit Card,0
1511,2024-01-05 16:53:08,14,UPI,15
763,2024-01-05 22:55:02,63,NetBanking,0
1266,2024-01-06 12:22:24,129,UPI,0
392,2024-01-06 21:55:08,31,Credit Card,15
122,2024-01-07 20:08:32,74,Debit Card,0
1002,2024-01-07 20:19:47,122,Cash on Delivery,0
1655,2024-01-08 02:44:05,128,NetBanking,0
674,2024-01-08 07:14:54,87,UPI,0
1310,2024-01-08 18:31:02,133,UPI,5
1781,2024-01-09 00:04:55,97,Credit Card,10
1402,2024-01-09 08:32:43,82,Debit Card,10
1597,2024-01-12 10:51:57,30,Cash on Delivery,10
80,2024-01-12 20:46:06,113,NetBanking,5
862,2024-01-13 02:47:11,27,NetBanking,10
1298,2024-01-13 08:42:47,45,Cash on Delivery,5
127,2024-01-13 12:03:36,29,UPI,5
1881,2024-01-14 22:23:56,147,UPI,10
900,2024-01-15 12:29:27,81,Cash on Delivery,0
1479,2024-01-15 18:11:36,77,Debit Card,5
451,2024-01-16 16:52:56,9,Credit Card,0
645,2024-01-17 00:26:37,73,Debit Card,0
250,2024-01-17 04:20:50,129,Cash on Delivery,15
657,2024-01-17 17:39:16,106,Cash on Delivery,0
175,2024-01-18 02:12:03,124,UPI,15
273,2024-01-18 14:24:11,26,Debit Card,0
1884,2024-01-18 15:56:05,3,Credit Card,10
540,2024-01-19 01:21:41,52,Debit Card,0
848,2024-01-19 05:03:32,148,Debit Card,0
952,2024-01-19 10:53:47,94,Wallet,5
1311,2024-01-19 13:45:42,125,Credit Card,15
1713,2024-01-20 01:31:28,142,Credit Card,15
1333,2024-01-20 02:09:34,26,UPI,0
279,2024-01-20 03:41:34,123,UPI,10
794,2024-01-20 04:24:15,14,Credit Card,0
475,2024-01-20 20:02:00,66,Cash on Delivery,0
1387,2024-01-20 22:05:11,133,Debit Card,15
163,2024-01-21 06:41:41,138,Credit Card,5
389,2024-01-21 23:47:58,97,UPI,0
1010,2024-01-22 04:33:21,55,UPI,5
166,2024-01-22 22:01:34,11,Credit Card,0
1671,2024-01-23 18:53:28,71,UPI,5
518,2024-01-23 20:02:14,98,NetBanking,0
935,2024-01-24 00:56:36,64,Debit Card,0
1945,2024-01-24 04:10:22,12,UPI,0
1930,2024-01-24 06:10:45,19,Debit Card,5
1199,2024-01-25 22:58:29,150,UPI,0
732,2024-01-26 03:22:10,103,Credit Card,0
34,2024-01-26 23:14:55,96,UPI,0
933,2024-01-26 23:39:26,42,UPI,5
791,2024-01-27 09:21:48,24,Cash on Delivery,0
1824,2024-01-27 23:56:43,142,NetBanking,0
1892,2024-01-28 19:54:29,64,Debit Card,15
1808,2024-01-28 22:25:03,136,UPI,0
1157,2024-01-29 10:56:15,22,Debit Card,0
924,2024-01-29 17:37:43,112,UPI,0
887,2024-01-29 17:49:26,79,Cash on Delivery,15
795,2024-01-30 04:11:23,69,Debit Card,0
397,2024-01-30 04:48:49,28,Credit Card,0
888,2024-01-30 20:35:35,42,NetBanking,0
1932,2024-01-31 22:10:07,59,NetBanking,0
1268,2024-02-01 17:30:00,9,Cash on Delivery,0
543,2024-02-01 19:01:04,30,Debit Card,0
1995,2024-02-02 02:34:21,9,Debit Card,0
588,2024-02-02 12:06:41,16,Cash on Delivery,0
1578,2024-02-02 16:05:58,53,Credit Card,0
1448,2024-02-02 16:52:34,94,Debit Card,0
1540,2024-02-02 19:30:10,13,UPI,0
1919,2024-02-04 01:00:37,27,Credit Card,0
868,2024-02-04 11:13:32,114,UPI,0
560,2024-02-04 22:24:44,148,Credit Card,5
1554,2024-02-05 16:22:39,58,Cash on Delivery,15
276,2024-02-05 20:39:41,9,UPI,0
210,2024-02-06 21:22:19,30,Debit Card,0
1450,2024-02-07 05:08:44,121,UPI,0
742,2024-02-09 04:14:53,4,UPI,0
60,2024-02-09 21:49:14,15,Credit Card,0
1498,2024-02-10 06:28:50,84,Wallet,10
1921,2024-02-10 17:31:11,127,Credit Card,10
1339,2024-02-10 17:42:27,13,Credit Card,10
62,2024-02-11 01:32:24,112,UPI,0
1984,2024-02-11 05:48:20,53,Credit Card,10
1218,2024-02-11 08:27:03,115,UPI,0
1366,2024-02-11 11:44:34,3,UPI,10
303,2024-02-11 23:08:04,32,Credit Card,15
1066,2024-02-12 01:05:24,30,Wallet,0
1843,2024-02-12 01:45:46,39,Credit Card,15
579,2024-02-13 17:20:20,78,NetBanking,5
1401,2024-02-14 22:50:15,148,NetBanking,5
251,2024-02-15 02:30:34,120,NetBanking,0
714,2024-02-15 22:30:03,110,Debit Card,10
837,2024-02-15 23:13:57,150,Credit Card,15
124,2024-02-16 18:12:26,11,Credit Card,0
1869,2024-02-17 05:42:03,113,Wallet,0
1605,2024-02-18 12:09:43,118,UPI,0
1750,2024-02-18 20:31:53,144,Debit Card,0
1711,2024-02-19 13:45:08,145,Credit Card,0
1728,2024-02-19 23:26:54,83,Credit Card,0
945,2024-02-20 00:30:21,49,Credit Card,15
1283,2024-02-21 07:32:29,5,UPI,5
138,2024-02-21 23:46:15,122,UPI,5
1738,2024-02-22 01:33:36,94,Credit Card,15
1596,2024-02-22 06:04:35,129,Credit Card,5
962,2024-02-22 19:06:49,79,UPI,15
1292,2024-02-23 12:49:00,56,Cash on Delivery,5
1628,2024-02-24 04:27:51,142,UPI,15
786,2024-02-24 14:05:55,60,Debit Card,5
522,2024-02-24 16:05:17,21,UPI,10
1480,2024-02-24 16:55:41,119,Cash on Delivery,0
1844,2024-02-24 16:59:12,36,Credit Card,0
1440,2024-02-24 18:51:41,137,UPI,0
694,2024-02-25 11:36:06,17,Credit Card,15
446,2024-02-26 20:24:32,112,Credit Card,5
174,2024-02-27 05:00:21,60,NetBanking,0
509,2024-02-27 08:06:10,52,Credit Card,0
170,2024-02-28 01:39:52,145,NetBanking,0
539,2024-02-28 03:09:36,128,Debit Card,0
1977,2024-02-28 03:12:26,132,Cash on Delivery,0
161,2024-02-28 10:56:27,71,UPI,0
289,2024-02-28 21:28:16,59,Credit Card,10
1631,2024-03-01 03:23:38,125,Credit Card,0
729,2024-03-02 02:47:50,64,UPI,5
335,2024-03-02 21:30:30,124,UPI,10
114,2024-03-02 22:30:16,8,Wallet,5
1830,2024-03-03 04:26:51,126,UPI,15
501,2024-03-03 08:45:04,147,Debit Card,0
1737,2024-03-04 02:47:39,24,Cash on Delivery,0
118,2024-03-04 09:02:21,41,Cash on Delivery,0
519,2024-03-05 11:12:58,80,NetBanking,15
849,2024-03-05 15:29:59,104,UPI,15
1680,2024-03-05 20:40:42,88,UPI,0
1114,2024-03-06 14:56:13,119,Cash on Delivery,0
709,2024-03-06 21:55:20,141,Debit Card,15
191,2024-03-07 10:54:49,124,Debit Card,0
1948,2024-03-07 20:02:13,36,Debit Card,0
1889,2024-03-09 04:05:44,91,Credit Card,5
1914,2024-03-09 13:15:34,126,Debit Card,5
1562,2024-03-10 23:59:51,49,Wallet,10
624,2024-03-12 09:49:21,139,NetBanking,10
1040,2024-03-12 19:02:52,86,Cash on Delivery,0
738,2024-03-13 10:45:29,146,UPI,0
510,2024-03-13 14:44:26,11,NetBanking,10
400,2024-03-15 08:21:19,124,Debit Card,5
320,2024-03-15 17:22:53,99,Credit Card,0
63,2024-03-15 20:52:36,104,UPI,15
49,2024-03-16 16:26:26,59,Debit Card,5
1785,2024-03-16 22:41:55,139,NetBanking,0
1277,2024-03-17 10:00:04,89,UPI,5
1913,2024-03-17 18:06:48,106,Debit Card,0
813,2024-03-18 00:52:28,86,Credit Card,0
51,2024-03-18 03:30:56,96,UPI,0
1452,2024-03-18 06:33:54,114,UPI,0
1103,2024-03-19 16:34:01,146,Debit Card,0
1786,2024-03-19 21:46:50,65,Cash on Delivery,10
22,2024-03-20 03:35:03,26,Credit Card,5
1755,2024-03-20 09:41:10,24,Debit Card,10
1135,2024-03-20 19:14:35,50,UPI,0
257,2024-03-21 04:45:32,61,Debit Card,0
1225,2024-03-21 10:42:44,70,Debit Card,10
7,2024-03-22 23:06:42,126,UPI,0
1676,2024-03-24 04:51:36,5,UPI,0
1929,2024-03-24 14:29:45,53,UPI,0
159,2024-03-25 08:31:55,139,NetBanking,0
1331,2024-03-26 09:58:28,28,Credit Card,0
867,2024-03-27 13:02:15,46,NetBanking,0
1113,2024-03-28 11:24:19,129,NetBanking,15
1133,2024-03-28 13:37:43,8,Debit Card,0
1576,2024-03-29 05:28:31,99,NetBanking,10
1826,2024-03-29 07:54:38,145,UPI,15
1903,2024-03-29 09:51:43,106,Wallet,10
1158,2024-03-30 01:37:01,58,Debit Card,0
442,2024-03-31 04:55:09,139,UPI,0
1193,2024-03-31 15:44:17,127,Credit Card,0
484,2024-04-01 21:40:05,148,Credit Card,10
342,2024-04-03 03:12:16,128,Debit Card,5
1783,2024-04-03 03:49:09,68,UPI,5
1789,2024-04-03 14:13:03,123,UPI,0
502,2024-04-04 19:44:31,34,UPI,0
971,2024-04-04 22:55:57,31,Credit Card,5
1675,2024-04-05 07:18:55,71,Cash on Delivery,5
1637,2024-04-05 09:38:14,77,Wallet,15
1105,2024-04-09 01:29:27,56,Wallet,0
1767,2024-04-09 08:27:03,23,Cash on Delivery,0
48,2024-04-09 18:24:23,111,NetBanking,0
572,2024-04-09 18:39:55,121,NetBanking,10
1343,2024-04-09 19:12:48,111,Debit Card,0
516,2024-04-09 21:29:33,52,Credit Card,5
825,2024-04-10 01:32:10,127,Cash on Delivery,0
1537,2024-04-10 13:49:47,87,UPI,0
414,2024-04-10 14:42:27,148,Debit Card,0
252,2024-04-12 00:17:24,95,Debit Card,0
512,2024-04-12 01:32:39,63,UPI,10
831,2024-04-12 08:44:36,95,UPI,0
334,2024-04-12 09:53:49,99,Wallet,15
1521,2024-04-12 17:12:08,140,Debit Card,0
1788,2024-04-13 01:18:12,113,Debit Card,0
347,2024-04-13 06:56:19,87,NetBanking,0
614,2024-04-13 07:04:08,92,Credit Card,0
1278,2024-04-14 01:28:46,20,Debit Card,0
1299,2024-04-15 08:55:18,114,NetBanking,0
25,2024-04-15 09:17:46,3,Cash on Delivery,5
369,2024-04-15 12:04:38,10,Credit Card,0
1565,2024-04-15 19:33:59,88,Debit Card,0
1274,2024-04-16 13:21:57,13,UPI,10
1730,2024-04-17 18:13:45,105,NetBanking,10
1925,2024-04-17 20:10:27,90,Credit Card,15
1300,2024-04-18 02:32:34,2,Credit Card,15
152,2024-04-18 11:13:12,6,Debit Card,5
805,2024-04-18 13:29:19,50,Credit Card,5
1287,2024-04-18 18:10:01,54,UPI,10
1117,2024-04-18 18:51:36,118,Credit Card,0
622,2024-04-19 05:02:49,104,NetBanking,0
1202,2024-04-20 11:36:39,30,UPI,0
1126,2024-04-20 15:10:43,109,Credit Card,0
1342,2024-04-21 16:25:51,39,Debit Card,15
1644,2024-04-21 18:35:48,32,UPI,5
531,2024-04-21 22:46:20,31,Wallet,15
109,2024-04-22 18:50:11,89,Wallet,0
1684,2024-04-23 15:00:48,137,Credit Card,15
119,2024-04-23 18:09:33,79,Credit Card,5
32,2024-04-24 02:44:29,37,Wallet,0
1375,2024-04-24 11:43:14,35,Cash on Delivery,15
1592,2024-04-25 05:40:35,34,Wallet,0
752,2024-04-25 12:31:08,113,UPI,0
1332,2024-04-26 01:40:29,100,Cash on Delivery,15
452,2024-04-26 06:36:43,50,Wallet,0
1,2024-04-26 10:36:15,9,Debit Card,0
619,2024-04-26 18:21:28,9,UPI,5
747,2024-04-27 00:42:52,116,Credit Card,10
548,2024-04-27 01:50:13,28,Credit Card,5
1142,2024-04-27 09:34:38,8,Debit Card,0
1483,2024-04-28 05:27:27,70,Credit Card,0
429,2024-04-29 00:21:16,46,UPI,5
1617,2024-04-29 01:06:50,86,Credit Card,0
1885,2024-04-29 03:24:41,47,Debit Card,0
617,2024-04-29 16:50:55,72,NetBanking,0
508,2024-04-30 05:00:24,42,Credit Card,0
746,2024-04-30 15:21:36,6,Credit Card,0
552,2024-05-01 04:06:36,90,UPI,5
690,2024-05-01 15:33:01,54,NetBanking,0
647,2024-05-01 19:07:32,86,Cash on Delivery,0
1360,2024-05-02 17:05:36,66,Debit Card,0
1125,2024-05-02 17:29:35,75,UPI,0
71,2024-05-02 18:15:15,39,UPI,0
1286,2024-05-02 20:18:13,4,Debit Card,0
398,2024-05-02 22:22:56,10,UPI,10
431,2024-05-02 22:55:57,25,NetBanking,5
1780,2024-05-04 02:13:27,104,Credit Card,5
147,2024-05-04 05:34:38,117,Cash on Delivery,15
1759,2024-05-04 08:08:45,1,UPI,0
963,2024-05-05 02:14:01,131,UPI,5
989,2024-05-05 05:37:32,63,UPI,0
198,2024-05-05 21:11:55,103,UPI,10
1860,2024-05-06 03:52:29,36,UPI,0
1302,2024-05-07 02:10:36,75,Wallet,5
1705,2024-05-07 03:34:39,113,UPI,10
1147,2024-05-08 01:53:54,100,UPI,5
1400,2024-05-09 15:58:54,107,UPI,10
1058,2024-05-10 22:21:18,140,Credit Card,0
613,2024-05-11 01:58:42,112,Credit Card,0
727,2024-05-11 16:39:59,127,Wallet,0
1029,2024-05-12 07:44:30,122,Debit Card,0
1205,2024-05-12 07:58:17,87,Wallet,15
1542,2024-05-12 09:04:02,2,NetBanking,5
381,2024-05-13 20:05:08,28,UPI,0
213,2024-05-13 23:08:16,138,Cash on Delivery,15
1323,2024-05-14 00:14:14,82,UPI,10
1084,2024-05-14 03:48:21,88,Wallet,0
434,2024-05-14 16:16:20,21,UPI,5
1096,2024-05-15 09:00:41,121,Credit Card,0
921,2024-05-15 11:01:14,45,NetBanking,15
1265,2024-05-15 21:21:04,7,Wallet,0
1672,2024-05-16 17:48:02,71,Credit Card,5
1486,2024-05-17 00:28:19,79,Credit Card,15
649,2024-05-17 01:32:15,78,Debit Card,10
423,2024-05-17 06:39:29,131,Debit Card,0
1834,2024-05-17 11:54:04,36,Cash on Delivery,10
1098,2024-05-17 12:46:17,140,UPI,0
1198,2024-05-17 20:18:23,54,Credit Card,15
755,2024-05-18 03:40:25,107,Debit Card,5
449,2024-05-18 06:50:13,83,Credit Card,0
589,2024-05-18 07:18:22,101,UPI,0
1340,2024-05-18 10:17:27,148,UPI,0
1866,2024-05-18 10:55:52,52,Credit Card,5
966,2024-05-18 13:14:15,86,Credit Card,0
681,2024-05-18 15:40:50,35,NetBanking,0
1812,2024-05-19 12:18:07,131,Cash on Delivery,0
1779,2024-05-19 21:25:50,140,UPI,15
1477,2024-05-20 12:31:58,16,NetBanking,10
1083,2024-05-21 02:11:39,55,UPI,0
227,2024-05-21 09:46:37,83,Debit Card,0
915,2024-05-21 10:36:46,97,Cash on Delivery,0
620,2024-05-22 08:45:24,22,NetBanking,10
1624,2024-05-23 22:04:53,58,Debit Card,15
61,2024-05-24 15:40:46,45,Debit Card,0
1717,2024-05-25 09:03:58,133,Debit Card,0
1614,2024-05-25 14:44:06,14,Debit Card,10
692,2024-05-26 07:45:12,120,Cash on Delivery,0
172,2024-05-26 20:02:53,87,NetBanking,0
1236,2024-05-27 04:16:14,62,Debit Card,10
1009,2024-05-28 11:08:32,59,Cash on Delivery,5
386,2024-05-29 00:23:08,62,UPI,10
112,2024-05-29 23:20:15,44,Cash on Delivery,10
1008,2024-05-30 05:50:17,3,Wallet,5
658,2024-05-30 08:03:01,49,UPI,10
1043,2024-05-30 21:09:43,9,Debit Card,15
1882,2024-05-30 22:47:25,75,UPI,15
883,2024-06-01 22:11:14,111,Wallet,0
1607,2024-06-02 02:26:59,40,Debit Card,5
1811,2024-06-02 15:07:42,116,Debit Card,10
1025,2024-06-02 16:23:14,68,Credit Card,15
341,2024-06-03 08:06:30,141,Debit Card,15
90,2024-06-03 18:28:55,142,Debit Card,0
1186,2024-06-04 21:24:40,72,Credit Card,0
567,2024-06-05 15:26:30,142,Debit Card,5
1549,2024-06-06 00:26:34,29,UPI,10
1505,2024-06-06 10:32:43,127,UPI,0
1567,2024-06-07 20:39:37,108,Debit Card,0
1279,2024-06-08 02:52:03,87,NetBanking,15
1937,2024-06-08 09:18:03,138,Debit Card,15
1062,2024-06-08 14:33:41,50,Credit Card,0
188,2024-06-08 14:51:23,27,Credit Card,0
1787,2024-06-08 20:09:13,17,Credit Card,15
840,2024-06-08 22:36:52,87,UPI,5
736,2024-06-09 12:26:33,119,Credit Card,15
1938,2024-06-10 05:38:36,16,Cash on Delivery,0
1910,2024-06-11 21:05:25,67,Debit Card,0
205,2024-06-12 06:21:05,142,Debit Card,0
411,2024-06-12 08:26:05,44,Credit Card,15
1792,2024-06-12 21:00:02,51,Cash on Delivery,5
1703,2024-06-14 05:22:55,114,Debit Card,0
1187,2024-06-14 19:07:18,149,Wallet,10
1822,2024-06-15 03:10:15,117,NetBanking,0
1739,2024-06-15 03:29:40,30,Credit Card,15
111,2024-06-15 10:20:30,21,Credit Card,0
1776,2024-06-15 15:17:12,44,UPI,10
530,2024-06-16 23:00:18,128,Wallet,5
1037,2024-06-17 00:08:01,116,UPI,0
437,2024-06-17 16:23:40,106,Credit Card,0
1708,2024-06-18 02:47:20,39,Wallet,0
693,2024-06-18 07:18:19,94,Credit Card,5
1421,2024-06-18 14:21:06,140,Credit Card,15
1732,2024-06-20 00:28:39,63,Debit Card,15
246,2024-06-20 02:19:31,68,Cash on Delivery,15
177,2024-06-20 05:25:16,62,UPI,0
1097,2024-06-21 18:19:08,43,NetBanking,0
19,2024-06-22 16:38:10,4,Credit Card,15
466,2024-06-22 22:43:05,66,Debit Card,0
470,2024-06-22 23:54:58,64,UPI,10
643,2024-06-23 08:05:16,72,Credit Card,0
1001,2024-06-23 21:02:23,57,Credit Card,15
156,2024-06-25 04:38:11,58,NetBanking,0
666,2024-06-25 07:54:02,50,Credit Card,0
938,2024-06-25 12:42:11,147,UPI,0
1874,2024-06-25 17:56:35,58,Credit Card,15
967,2024-06-25 22:01:01,96,UPI,0
1957,2024-06-25 23:19:56,125,Credit Card,10
1800,2024-06-26 22:08:03,95,Credit Card,0
1634,2024-06-27 14:13:28,136,UPI,10
497,2024-06-28 03:12:17,48,UPI,0
1867,2024-06-28 19:13:42,91,Debit Card,5
504,2024-06-29 04:18:37,48,Wallet,0
269,2024-06-30 02:02:08,57,Wallet,10
703,2024-06-30 13:38:33,29,UPI,0
1000,2024-06-30 17:56:06,137,Wallet,10
1346,2024-06-30 21:54:55,11,UPI,0
139,2024-07-01 01:21:28,45,Wallet,5
851,2024-07-01 14:04:10,49,Credit Card,5
1059,2024-07-02 00:50:19,133,NetBanking,10
1034,2024-07-02 05:51:01,112,Cash on Delivery,0
1569,2024-07-02 09:46:21,33,Cash on Delivery,0
259,2024-07-02 13:02:41,54,Debit Card,5
290,2024-07-02 17:17:16,147,UPI,0
363,2024-07-03 14:41:16,24,Credit Card,0
884,2024-07-04 05:33:47,142,Credit Card,15
1407,2024-07-05 11:05:32,85,UPI,0
1701,2024-07-05 20:06:28,22,UPI,0
593,2024-07-07 08:13:22,1,Cash on Delivery,5
1620,2024-07-07 15:36:09,127,Cash on Delivery,0
1902,2024-07-08 00:06:13,103,Wallet,5
1953,2024-07-08 11:47:38,26,UPI,5
1573,2024-07-08 22:26:19,5,Credit Card,0
1778,2024-07-10 11:35:38,105,Debit Card,0
1727,2024-07-11 01:45:34,51,UPI,0
929,2024-07-11 06:14:52,109,Credit Card,15
602,2024-07-12 05:00:00,83,NetBanking,0
564,2024-07-12 07:41:24,45,Credit Card,5
97,2024-07-12 10:41:44,83,Credit Card,0
1367,2024-07-12 16:00:53,31,Debit Card,15
843,2024-07-13 07:17:34,86,UPI,0
219,2024-07-13 07:57:24,109,NetBanking,0
92,2024-07-13 12:19:34,45,UPI,15
327,2024-07-14 09:12:06,122,Credit Card,15
1635,2024-07-14 10:33:56,138,Credit Card,5
1502,2024-07-15 03:15:27,54,Credit Card,5
555,2024-07-15 05:47:23,124,Credit Card,5
1981,2024-07-15 07:58:28,65,Cash on Delivery,0
426,2024-07-15 09:34:12,61,UPI,0
343,2024-07-16 00:00:22,24,Cash on Delivery,10
1702,2024-07-16 04:57:29,46,Debit Card,0
1991,2024-07-17 01:48:10,91,NetBanking,15
472,2024-07-17 14:37:12,130,UPI,0
1044,2024-07-18 13:52:28,30,Wallet,0
932,2024-07-19 07:51:56,92,Credit Card,0
770,2024-07-19 11:22:07,134,NetBanking,0
1538,2024-07-19 16:25:39,56,Debit Card,10
1497,2024-07-19 17:22:14,95,Debit Card,0
349,2024-07-20 15:45:29,150,Cash on Delivery,5
374,2024-07-20 20:12:34,37,Credit Card,0
1041,2024-07-20 21:39:33,42,Debit Card,10
671,2024-07-21 14:49:43,75,Credit Card,5
1690,2024-07-23 05:58:54,7,Credit Card,15
803,2024-07-23 17:48:11,101,Credit Card,10
1899,2024-07-23 18:36:23,25,Debit Card,5
1413,2024-07-24 02:09:12,96,Credit Card,0
432,2024-07-24 09:22:59,89,Debit Card,0
1547,2024-07-24 09:34:32,123,Cash on Delivery,0
1336,2024-07-24 19:20:02,75,Credit Card,15
1810,2024-07-25 12:40:54,103,Wallet,0
487,2024-07-26 07:12:46,125,UPI,5
460,2024-07-26 10:43:48,139,UPI,15
1405,2024-07-27 16:19:41,144,Credit Card,15
626,2024-07-28 07:27:12,36,Credit Card,0
1216,2024-07-28 10:08:31,124,Cash on Delivery,0
1423,2024-07-28 17:37:32,100,UPI,0
1069,2024-07-29 02:24:41,99,UPI,0
430,2024-07-29 20:40:27,13,Credit Card,5
416,2024-07-30 17:36:30,63,Cash on Delivery,0
1372,2024-07-30 19:19:01,135,Wallet,0
1307,2024-07-31 13:12:22,75,Cash on Delivery,0
536,2024-08-01 11:29:13,143,Credit Card,10
1488,2024-08-01 17:14:25,17,Debit Card,0
180,2024-08-02 03:28:19,136,Credit Card,0
1499,2024-08-02 20:41:58,11,Credit Card,10
1678,2024-08-03 03:54:00,62,Debit Card,0
715,2024-08-03 04:16:21,4,UPI,15
379,2024-08-03 13:16:14,81,Credit Card,5
1306,2024-08-04 10:01:23,10,Credit Card,0
1794,2024-08-05 01:23:42,8,Credit Card,15
1164,2024-08-05 11:41:12,68,Debit Card,0
1171,2024-08-07 13:31:14,107,UPI,0
1192,2024-08-07 15:31:42,114,Credit Card,10
291,2024-08-07 18:49:00,147,Cash on Delivery,15
538,2024-08-07 22:03:08,100,UPI,0
1460,2024-08-08 06:37:13,115,Cash on Delivery,0
591,2024-08-08 09:07:26,115,Wallet,0
1581,2024-08-08 12:34:03,93,Credit Card,5
27,2024-08-08 13:04:09,148,Cash on Delivery,0
17,2024-08-08 13:56:36,60,Credit Card,5
528,2024-08-08 22:54:01,136,UPI,0
1443,2024-08-08 23:28:33,99,UPI,0
218,2024-08-09 04:09:29,69,Wallet,10
1206,2024-08-09 06:03:48,138,NetBanking,0
107,2024-08-09 13:25:53,120,Credit Card,10
923,2024-08-09 20:50:55,123,UPI,0
1335,2024-08-10 07:16:53,144,Debit Card,0
1410,2024-08-10 14:06:23,105,UPI,5
1389,2024-08-10 19:01:59,10,Wallet,5
553,2024-08-11 04:38:17,131,Debit Card,0
1679,2024-08-11 19:17:37,47,UPI,15
1176,2024-08-11 22:56:57,141,Debit Card,15
911,2024-08-13 00:03:40,80,UPI,0
1842,2024-08-13 15:07:51,121,Credit Card,0
433,2024-08-13 20:58:03,138,Cash on Delivery,0
402,2024-08-14 19:01:30,31,Credit Card,10
160,2024-08-14 21:46:10,83,Debit Card,0
1250,2024-08-15 13:14:19,90,UPI,15
30,2024-08-16 13:17:03,34,Cash on Delivery,0
171,2024-08-16 15:12:12,76,Credit Card,0
1746,2024-08-17 02:21:38,75,UPI,0
201,2024-08-17 20:56:37,57,Debit Card,5
653,2024-08-18 02:07:49,38,UPI,0
494,2024-08-19 19:10:48,12,Credit Card,0
1080,2024-08-20 16:46:24,31,Debit Card,0
1231,2024-08-21 11:07:55,95,NetBanking,10
1606,2024-08-22 04:29:20,113,Debit Card,5
1253,2024-08-23 11:45:35,96,Debit Card,10
6,2024-08-24 00:45:19,69,Credit Card,10
37,2024-08-24 05:37:33,107,Credit Card,15
26,2024-08-24 10:53:30,109,Debit Card,15
1758,2024-08-24 11:18:49,131,UPI,0
1618,2024-08-25 07:47:33,104,Wallet,5
295,2024-08-25 21:12:52,26,UPI,0
1506,2024-08-26 01:18:39,54,UPI,0
1378,2024-08-28 07:02:25,64,Credit Card,0
1386,2024-08-28 15:47:34,69,Cash on Delivery,0
771,2024-08-29 09:25:07,62,NetBanking,0
45,2024-08-30 03:58:13,116,Credit Card,10
675,2024-08-30 09:56:19,103,UPI,0
1185,2024-08-30 21:35:32,95,UPI,15
1118,2024-08-31 03:32:46,75,UPI,10
1560,2024-08-31 18:41:47,59,Cash on Delivery,0
4,2024-09-01 20:43:27,74,Credit Card,5
476,2024-09-02 00:35:36,133,Cash on Delivery,0
1355,2024-09-02 07:38:22,76,UPI,0
1436,2024-09-03 01:29:40,129,NetBanking,0
799,2024-09-04 09:08:04,98,Wallet,0
1487,2024-09-05 04:42:44,136,Debit Card,0
1383,2024-09-05 13:12:00,62,UPI,15
1430,2024-09-06 00:22:47,102,UPI,0
994,2024-09-06 06:36:11,109,Wallet,0
824,2024-09-06 12:03:23,149,Cash on Delivery,10
1321,2024-09-07 09:51:26,127,Credit Card,15
1439,2024-09-08 19:14:38,74,Credit Card,10
1714,2024-09-08 22:21:45,143,UPI,5
1418,2024-09-09 05:39:09,87,Cash on Delivery,5
899,2024-09-09 18:56:07,69,UPI,5
1011,2024-09-11 02:48:39,120,Debit Card,5
1493,2024-09-11 04:22:56,76,Credit Card,15
1213,2024-09-11 05:31:42,25,UPI,15
101,2024-09-11 05:35:11,116,Debit Card,0
1473,2024-09-11 06:46:27,121,NetBanking,0
858,2024-09-11 08:59:13,135,Cash on Delivery,0
350,2024-09-12 11:43:04,130,Debit Card,5
1152,2024-09-12 14:29:02,123,Credit Card,15
125,2024-09-12 18:46:08,36,Cash on Delivery,0
1020,2024-09-13 02:43:50,40,UPI,10
1752,2024-09-13 08:01:27,84,UPI,15
238,2024-09-13 18:33:04,49,Debit Card,15
47,2024-09-14 05:24:02,17,Debit Card,0
879,2024-09-14 13:53:22,134,Credit Card,0
1246,2024-09-15 07:14:01,130,Credit Card,5
875,2024-09-15 21:18:01,115,UPI,5
1724,2024-09-16 02:14:24,88,Debit Card,0
1490,2024-09-16 08:37:46,64,UPI,5
1374,2024-09-16 15:26:16,52,Credit Card,0
1754,2024-09-16 15:48:24,88,UPI,0
79,2024-09-17 10:22:26,115,UPI,0
525,2024-09-17 21:39:43,147,Credit Card,10
816,2024-09-17 22:47:55,111,Credit Card,0
336,2024-09-18 01:02:57,34,Cash on Delivery,5
607,2024-09-18 03:12:17,78,Debit Card,0
404,2024-09-18 10:01:58,102,Debit Card,0
511,2024-09-18 20:49:24,138,UPI,10
1444,2024-09-19 09:06:13,89,UPI,15
1954,2024-09-21 00:32:51,95,NetBanking,10
89,2024-09-21 12:50:44,62,Debit Card,10
356,2024-09-22 20:27:27,58,UPI,15
1513,2024-09-23 03:54:18,1,UPI,0
1994,2024-09-23 06:20:40,140,Debit Card,0
549,2024-09-23 12:56:52,80,Wallet,0
610,2024-09-23 16:29:54,12,NetBanking,0
21,2024-09-24 02:29:28,61,UPI,15
757,2024-09-24 08:15:12,31,Credit Card,10
718,2024-09-24 16:25:10,64,UPI,0
608,2024-09-25 13:10:35,139,Credit Card,10
585,2024-09-26 03:20:50,15,UPI,10
523,2024-09-26 22:53:16,143,Credit Card,0
1587,2024-09-27 01:53:54,147,NetBanking,15
492,2024-09-27 05:22:36,74,Debit Card,0
29,2024-09-27 09:07:30,36,Credit Card,15
1807,2024-09-27 09:40:32,39,Wallet,15
1743,2024-09-28 07:40:37,135,Debit Card,0
333,2024-09-28 09:46:07,24,Wallet,0
1357,2024-09-28 11:41:23,8,Debit Card,0
1904,2024-09-29 06:43:30,101,Debit Card,15
326,2024-09-30 01:46:08,13,Credit Card,15
678,2024-09-30 03:30:26,20,NetBanking,15
1456,2024-09-30 11:29:13,150,UPI,5
1019,2024-09-30 15:41:19,11,NetBanking,15
1104,2024-09-30 20:19:16,42,UPI,0
1682,2024-10-01 07:08:45,63,Debit Card,10
499,2024-10-02 11:00:26,61,UPI,15
1314,2024-10-03 03:35:55,85,Cash on Delivery,25
1553,2024-10-03 15:03:19,93,Debit Card,0
1382,2024-10-03 16:59:08,110,UPI,25
1224,2024-10-03 19:05:58,125,UPI,0
1871,2024-10-03 21:27:22,7,Credit Card,0
1054,2024-10-04 00:50:33,149,Credit Card,15
1636,2024-10-04 02:17:11,122,Cash on Delivery,5
1823,2024-10-04 09:40:16,124,Wallet,0
235,2024-10-05 05:30:40,106,Wallet,10
1303,2024-10-06 23:39:08,113,Credit Card,5
1662,2024-10-07 00:36:47,121,Credit Card,0
571,2024-10-07 02:50:34,139,Credit Card,10
267,2024-10-07 19:47:38,5,Debit Card,5
767,2024-10-08 18:55:28,76,UPI,5
828,2024-10-08 21:19:27,93,Credit Card,0
600,2024-10-09 01:49:08,79,Credit Card,0
1917,2024-10-09 12:09:38,89,Credit Card,0
225,2024-10-10 03:23:22,104,UPI,10
796,2024-10-10 08:30:36,5,UPI,0
1057,2024-10-10 16:24:57,42,UPI,5
934,2024-10-10 23:30:16,50,UPI,15
882,2024-10-12 07:19:58,70,Debit Card,15
1124,2024-10-13 00:47:18,48,UPI,0
1295,2024-10-13 01:03:26,58,UPI,0
833,2024-10-13 08:54:13,12,Wallet,10
892,2024-10-13 20:50:53,89,Cash on Delivery,5
1243,2024-10-14 02:16:09,81,Debit Card,0
1431,2024-10-14 04:09:52,30,UPI,0
1094,2024-10-14 10:29:07,74,UPI,20
581,2024-10-14 12:52:56,111,Wallet,10
1081,2024-10-14 16:16:00,32,UPI,10
1531,2024-10-15 03:30:59,49,Credit Card,10
99,2024-10-16 02:05:18,20,Debit Card,15
1394,2024-10-16 06:46:44,98,UPI,15
545,2024-10-16 07:38:24,83,UPI,10
648,2024-10-16 09:57:05,107,NetBanking,0
587,2024-10-16 16:30:33,71,UPI,5
936,2024-10-17 03:14:22,93,Credit Card,0
606,2024-10-17 09:51:53,134,Cash on Delivery,5
435,2024-10-17 12:17:02,108,Debit Card,15
1529,2024-10-17 23:26:37,117,Wallet,0
1971,2024-10-18 02:08:53,24,Cash on Delivery,0
234,2024-10-18 05:12:04,18,UPI,10
1369,2024-10-19 00:55:31,140,Wallet,10
1677,2024-10-19 05:16:05,29,UPI,0
1996,2024-10-21 00:41:59,102,Cash on Delivery,10
559,2024-10-22 02:14:18,24,Wallet,0
70,2024-10-22 03:17:15,130,UPI,5
1233,2024-10-22 13:56:33,85,UPI,10
1503,2024-10-22 20:18:16,7,UPI,0
787,2024-10-23 03:13:23,43,NetBanking,30
1092,2024-10-23 09:03:49,29,UPI,5
859,2024-10-23 16:36:49,89,NetBanking,15
1555,2024-10-23 23:07:55,41,Debit Card,0
640,2024-10-24 10:45:39,122,NetBanking,0
1012,2024-10-24 15:26:43,50,Debit Card,5
1595,2024-10-24 18:55:12,91,Wallet,10
1412,2024-10-24 23:02:49,21,Credit Card,0
1087,2024-10-25 03:42:57,38,NetBanking,5
143,2024-10-25 09:22:00,48,NetBanking,0
745,2024-10-26 05:17:05,62,Wallet,5
1651,2024-10-26 12:19:57,107,Cash on Delivery,15
102,2024-10-27 10:08:48,64,UPI,5
1848,2024-10-28 10:58:33,134,Credit Card,10
821,2024-10-29 13:01:30,80,NetBanking,10
1927,2024-10-29 17:00:39,87,Wallet,20
1969,2024-10-29 18:48:46,47,NetBanking,0
928,2024-10-30 05:52:10,23,Credit Card,15
1053,2024-10-30 08:04:25,77,Credit Card,0
436,2024-10-30 10:36:28,69,Debit Card,10
1829,2024-10-30 13:14:29,63,UPI,10
1327,2024-10-31 21:40:17,107,UPI,25
1208,2024-11-01 01:47:30,133,Credit Card,0
919,2024-11-01 05:57:35,148,UPI,0
586,2024-11-03 23:35:22,145,UPI,0
685,2024-11-04 15:22:54,146,Debit Card,10
1828,2024-11-04 21:18:20,20,UPI,15
789,2024-11-05 19:21:51,47,Credit Card,5
930,2024-11-05 19:26:45,114,UPI,0
1362,2024-11-06 02:59:32,25,Wallet,15
387,2024-11-06 05:19:22,124,Credit Card,10
16,2024-11-06 17:49:38,39,Debit Card,5
1177,2024-11-06 19:05:40,134,Credit Card,5
808,2024-11-06 20:35:48,145,NetBanking,5
1697,2024-11-07 20:39:16,56,UPI,5
739,2024-11-07 20:41:51,65,NetBanking,5
684,2024-11-08 08:53:31,64,UPI,0
1710,2024-11-08 09:30:47,63,Debit Card,5
1846,2024-11-08 19:15:57,113,NetBanking,15
931,2024-11-09 01:37:43,61,Wallet,10
328,2024-11-09 18:56:37,70,Credit Card,10
1640,2024-11-10 01:51:50,128,UPI,25
1260,2024-11-10 12:07:46,14,NetBanking,0
1905,2024-11-10 19:36:09,64,Debit Card,15
691,2024-11-10 19:39:32,81,Debit Card,0
1979,2024-11-10 22:14:15,104,Credit Card,0
592,2024-11-11 14:13:01,69,Cash on Delivery,0
1293,2024-11-11 23:03:04,82,Debit Card,10
1485,2024-11-12 02:10:32,91,NetBanking,10
1132,2024-11-12 03:52:02,128,NetBanking,15
908,2024-11-12 04:56:33,137,Credit Card,15
955,2024-11-12 09:40:38,31,UPI,5
275,2024-11-12 21:26:34,45,UPI,5
664,2024-11-14 00:22:26,25,Credit Card,0
1312,2024-11-15 02:21:27,88,Credit Card,0
388,2024-11-15 07:31:42,133,Cash on Delivery,0
1376,2024-11-15 11:20:42,54,Cash on Delivery,15
338,2024-11-16 12:19:01,133,UPI,10
1888,2024-11-17 17:22:19,13,Credit Card,10
1520,2024-11-18 09:54:06,49,Wallet,0
804,2024-11-19 04:29:36,91,Debit Card,5
1718,2024-11-20 02:23:09,37,UPI,15
1324,2024-11-20 11:05:29,25,UPI,5
248,2024-11-21 04:11:57,59,Credit Card,15
1345,2024-11-21 11:53:30,137,Credit Card,5
1204,2024-11-22 11:33:50,106,Debit Card,5
54,2024-11-22 23:23:59,143,UPI,0
683,2024-11-23 12:50:37,73,Credit Card,15
422,2024-11-23 17:56:14,2,Wallet,10
1338,2024-11-24 09:25:51,66,Credit Card,10
957,2024-11-25 12:27:25,110,Debit Card,10
920,2024-11-26 06:07:29,15,UPI,0
1907,2024-11-26 06:34:29,15,Cash on Delivery,15
73,2024-11-26 21:46:06,14,Credit Card,15
914,2024-11-27 16:35:40,38,UPI,25
811,2024-11-27 18:52:13,120,NetBanking,5
890,2024-11-28 05:21:55,66,Cash on Delivery,0
1704,2024-11-28 10:03:36,87,NetBanking,5
1965,2024-11-28 10:41:29,96,Credit Card,5
1663,2024-11-28 19:02:27,70,NetBanking,10
1793,2024-11-28 19:05:32,1,UPI,5
68,2024-11-28 20:33:09,83,Debit Card,15
1613,2024-11-29 10:09:24,63,Debit Card,0
594,2024-11-29 11:01:32,103,Cash on Delivery,0
1406,2024-11-29 12:54:13,17,Cash on Delivery,25
1269,2024-11-29 18:50:09,28,Debit Card,5
359,2024-11-30 02:42:40,48,Credit Card,0
1849,2024-11-30 14:22:25,135,Wallet,0
464,2024-11-30 18:06:54,142,Debit Card,0
1238,2024-12-02 04:22:40,143,Credit Card,5
656,2024-12-02 13:11:56,25,Wallet,10
609,2024-12-02 17:16:22,128,Credit Card,5
682,2024-12-02 19:38:19,147,Wallet,5
39,2024-12-03 13:22:27,140,Debit Card,15
1270,2024-12-03 16:33:17,3,UPI,5
1100,2024-12-03 18:54:26,6,Wallet,0
312,2024-12-03 19:27:55,122,Debit Card,15
458,2024-12-03 22:31:27,87,UPI,25
903,2024-12-03 23:59:20,122,Credit Card,10
507,2024-12-04 00:56:58,92,UPI,0
1987,2024-12-04 06:26:59,44,UPI,30
2,2024-12-04 08:29:55,68,Wallet,15
1563,2024-12-04 13:09:40,139,NetBanking,10
712,2024-12-04 21:35:28,84,Debit Card,10
1936,2024-12-05 02:24:05,122,UPI,10
1489,2024-12-05 08:29:57,81,Cash on Delivery,15
1429,2024-12-07 00:22:20,107,Wallet,5
1458,2024-12-07 09:04:48,30,Cash on Delivery,15
662,2024-12-08 04:04:03,20,NetBanking,0
130,2024-12-08 07:25:24,106,Cash on Delivery,10
298,2024-12-08 08:38:59,13,Debit Card,15
705,2024-12-08 08:43:34,65,UPI,10
357,2024-12-10 01:42:37,98,NetBanking,5
146,2024-12-10 08:36:12,16,Credit Card,25
20,2024-12-10 14:28:18,21,Wallet,0
1229,2024-12-11 03:25:00,138,Credit Card,5
322,2024-12-11 12:32:14,80,UPI,15
927,2024-12-12 06:33:04,2,Debit Card,10
1926,2024-12-12 08:28:02,129,Debit Card,0
1625,2024-12-12 17:12:32,116,Debit Card,0
1241,2024-12-13 09:12:46,71,Wallet,30
168,2024-12-13 22:00:20,53,UPI,5
1901,2024-12-14 10:31:39,71,Debit Card,0
1467,2024-12-14 13:39:30,86,Wallet,0
769,2024-12-15 12:34:12,104,Credit Card,0
1007,2024-12-16 10:54:17,121,Debit Card,5
244,2024-12-16 15:55:42,62,Credit Card,10
1392,2024-12-16 23:06:45,68,UPI,15
1223,2024-12-17 02:49:18,97,Credit Card,0
1494,2024-12-18 00:23:50,77,Credit Card,10
916,2024-12-18 01:54:49,46,Debit Card,5
959,2024-12-18 09:00:21,110,NetBanking,0
1396,2024-12-18 23:23:08,144,UPI,0
245,2024-12-19 00:24:47,42,UPI,5
1545,2024-12-19 15:22:25,18,Debit Card,15
1042,2024-12-19 22:35:13,26,Credit Card,0
1144,2024-12-20 01:17:14,89,UPI,0
223,2024-12-21 10:39:16,75,Cash on Delivery,25
149,2024-12-21 13:10:19,20,Cash on Delivery,25
547,2024-12-22 10:18:48,147,UPI,10
14,2024-12-23 09:57:18,107,Credit Card,5
1249,2024-12-23 10:27:07,46,Debit Card,10
726,2024-12-23 17:00:28,112,Cash on Delivery,0
844,2024-12-23 21:59:31,36,Cash on Delivery,15
1155,2024-12-23 22:38:29,125,Wallet,5
1195,2024-12-24 11:27:42,10,NetBanking,20
1666,2024-12-24 15:17:59,66,Credit Card,15
1747,2024-12-24 20:51:16,108,Debit Card,10
1496,2024-12-24 22:05:00,117,Debit Card,5
638,2024-12-25 01:15:46,82,UPI,10
72,2024-12-25 15:56:17,113,Credit Card,10
1544,2024-12-26 19:07:15,95,Debit Card,15
1593,2024-12-28 04:00:01,64,NetBanking,0
353,2024-12-28 04:12:06,91,UPI,10
1397,2024-12-29 21:46:17,104,UPI,10
1865,2024-12-30 08:20:40,86,Wallet,0
1426,2024-12-30 11:39:43,19,UPI,20
1308,2024-12-31 16:00:53,76,UPI,0
711,2024-12-31 23:38:09,34,NetBanking,10
1169,2025-01-01 09:25:54,66,UPI,0
857,2025-01-03 16:42:36,71,Credit Card,0
1825,2025-01-05 16:00:10,31,UPI,15
1706,2025-01-06 05:27:11,91,Debit Card,0
829,2025-01-06 06:20:43,87,Credit Card,10
970,2025-01-08 05:35:42,12,Credit Card,0
1632,2025-01-08 06:34:20,107,NetBanking,0
57,2025-01-08 11:48:37,146,Credit Card,10
1244,2025-01-09 13:20:05,133,Cash on Delivery,0
204,2025-01-09 16:28:23,82,Debit Card,0
1470,2025-01-10 00:29:22,88,Credit Card,10
1890,2025-01-10 13:44:24,91,NetBanking,0
801,2025-01-12 20:15:38,72,Credit Card,5
820,2025-01-12 22:36:16,114,Credit Card,0
1772,2025-01-13 06:08:31,149,Credit Card,0
1764,2025-01-13 14:40:50,106,Credit Card,15
743,2025-01-13 17:43:15,78,Wallet,10
121,2025-01-14 13:19:03,104,Credit Card,0
196,2025-01-14 16:48:25,54,NetBanking,5
66,2025-01-14 23:29:59,38,Credit Card,0
1726,2025-01-15 08:04:42,37,Credit Card,0
1217,2025-01-15 14:19:55,96,NetBanking,10
1733,2025-01-16 10:19:38,31,Cash on Delivery,15
943,2025-01-17 08:44:22,24,UPI,0
982,2025-01-17 15:47:52,95,Cash on Delivery,0
226,2025-01-18 16:41:29,92,NetBanking,0
1528,2025-01-19 13:35:32,141,UPI,5
761,2025-01-20 03:36:54,40,Debit Card,15
459,2025-01-20 07:01:32,6,Debit Card,15
1210,2025-01-20 09:03:18,4,Wallet,0
325,2025-01-21 00:47:52,130,Credit Card,0
700,2025-01-22 18:12:48,31,UPI,10
599,2025-01-23 05:09:18,126,Credit Card,15
1476,2025-01-23 08:45:58,136,UPI,0
421,2025-01-23 08:48:46,68,Credit Card,0
1819,2025-01-24 04:52:07,49,Credit Card,0
708,2025-01-24 15:02:07,86,Debit Card,15
1816,2025-01-25 06:37:54,26,Debit Card,0
1685,2025-01-25 07:48:39,56,Credit Card,0
774,2025-01-25 09:00:57,27,UPI,0
1425,2025-01-26 18:30:33,135,UPI,0
1393,2025-01-27 08:17:08,82,Credit Card,0
1432,2025-01-27 09:20:19,102,UPI,0
126,2025-01-27 10:53:41,87,Wallet,10
493,2025-01-27 19:35:17,55,UPI,0
1119,2025-01-28 21:17:06,131,NetBanking,15
866,2025-01-29 14:13:49,44,UPI,0
44,2025-01-29 15:19:36,135,NetBanking,0
1271,2025-01-29 23:05:15,30,Wallet,10
689,2025-01-30 03:20:53,149,UPI,0
438,2025-01-31 02:54:54,54,Debit Card,0
95,2025-01-31 16:00:37,99,Cash on Delivery,0
1478,2025-02-01 03:12:44,82,NetBanking,10
1038,2025-02-02 06:49:56,108,UPI,15
1741,2025-02-02 07:44:59,26,NetBanking,0
652,2025-02-02 13:10:16,149,UPI,5
1630,2025-02-02 15:22:38,81,Wallet,10
1453,2025-02-02 20:30:41,40,Debit Card,15
471,2025-02-03 03:50:29,148,UPI,0
1282,2025-02-03 06:45:41,71,UPI,10
1667,2025-02-03 09:12:32,33,Credit Card,10
1280,2025-02-03 09:21:06,21,Cash on Delivery,5
56,2025-02-03 19:18:51,56,Debit Card,5
1687,2025-02-03 22:54:18,62,UPI,0
1337,2025-02-04 07:49:15,48,UPI,0
406,2025-02-04 08:21:56,115,Cash on Delivery,15
482,2025-02-04 23:46:01,3,NetBanking,15
1178,2025-02-05 04:12:07,62,NetBanking,5
1361,2025-02-05 20:47:53,51,Credit Card,0
324,2025-02-07 06:51:37,43,Credit Card,5
1900,2025-02-07 10:59:55,127,Debit Card,0
236,2025-02-09 04:29:02,99,Cash on Delivery,0
1707,2025-02-09 10:38:11,67,Credit Card,0
1535,2025-02-09 19:37:30,26,UPI,5
1909,2025-02-09 20:12:56,102,Debit Card,0
1395,2025-02-11 05:47:48,44,Credit Card,0
183,2025-02-12 05:05:43,21,NetBanking,10
1115,2025-02-12 05:07:06,78,UPI,0
1350,2025-02-13 07:37:57,31,NetBanking,5
11,2025-02-13 18:08:58,114,Credit Card,0
1305,2025-02-14 09:27:58,88,UPI,0
1809,2025-02-14 17:24:14,2,Debit Card,0
148,2025-02-14 19:34:13,56,UPI,0
1558,2025-02-14 21:27:54,144,UPI,15
1504,2025-02-15 08:28:15,40,UPI,0
1777,2025-02-15 15:30:39,60,Credit Card,10
876,2025-02-16 04:31:00,80,NetBanking,0
958,2025-02-18 15:37:03,64,Credit Card,10
785,2025-02-18 16:22:53,115,Wallet,0
1836,2025-02-18 20:10:41,126,Wallet,10
1853,2025-02-19 04:44:43,55,Debit Card,0
1329,2025-02-19 14:42:43,15,Debit Card,5
319,2025-02-21 05:46:06,126,Credit Card,0
1751,2025-02-21 15:12:29,8,Debit Card,15
474,2025-02-21 23:03:20,111,Debit Card,15
1290,2025-02-22 00:51:08,73,NetBanking,10
655,2025-02-22 03:26:27,43,Debit Card,10
1642,2025-02-22 10:30:50,80,UPI,10
1182,2025-02-22 20:11:29,121,Credit Card,15
401,2025-02-23 08:27:55,22,UPI,0
1021,2025-02-23 11:16:12,141,UPI,0
445,2025-02-23 15:40:18,75,Credit Card,10
1275,2025-02-24 00:51:24,139,Credit Card,0
998,2025-02-24 14:01:05,91,UPI,0
792,2025-02-25 03:15:47,40,Cash on Delivery,0
758,2025-02-26 01:41:57,143,Wallet,0
542,2025-02-26 03:34:38,133,Cash on Delivery,15
199,2025-02-26 09:02:16,91,UPI,0
108,2025-02-26 14:54:25,148,Credit Card,0
1161,2025-02-26 18:53:34,67,Cash on Delivery,0
490,2025-02-27 11:05:53,44,UPI,0
1349,2025-02-28 13:51:13,32,Cash on Delivery,0
1723,2025-03-01 08:13:24,28,Credit Card,0
348,2025-03-01 16:24:08,118,UPI,15
134,2025-03-02 05:19:58,75,Debit Card,0
253,2025-03-02 07:06:54,140,Credit Card,0
1264,2025-03-02 11:54:35,73,NetBanking,15
1698,2025-03-02 19:29:42,120,Wallet,0
410,2025-03-03 06:22:53,127,Credit Card,5
1762,2025-03-03 06:27:04,134,Wallet,0
1075,2025-03-04 11:24:08,127,Credit Card,10
463,2025-03-05 22:34:50,62,NetBanking,0
1720,2025-03-07 09:10:10,22,Wallet,5
1320,2025-03-07 23:23:50,50,Wallet,10
996,2025-03-07 23:52:44,38,Credit Card,0
612,2025-03-08 04:00:35,84,Credit Card,0
1643,2025-03-08 09:49:56,46,NetBanking,0
1795,2025-03-08 12:28:29,96,Debit Card,0
777,2025-03-08 14:22:24,68,UPI,10
1986,2025-03-08 18:28:40,100,UPI,0
515,2025-03-08 21:18:55,140,Debit Card,0
1790,2025-03-09 02:50:22,17,UPI,15
974,2025-03-09 14:12:30,103,Debit Card,10
733,2025-03-09 14:39:02,73,NetBanking,15
1045,2025-03-11 08:09:11,130,Debit Card,0
1146,2025-03-11 08:17:32,6,Credit Card,0
698,2025-03-12 00:43:29,15,Debit Card,0
1301,2025-03-12 15:11:08,67,UPI,15
1035,2025-03-12 21:44:26,51,NetBanking,0
1916,2025-03-13 04:45:45,48,Debit Card,5
457,2025-03-13 17:18:14,40,NetBanking,0
1956,2025-03-14 00:33:41,136,UPI,0
222,2025-03-14 07:31:22,53,UPI,0
1214,2025-03-14 11:47:11,109,NetBanking,10
1050,2025-03-14 14:16:21,67,Credit Card,10
556,2025-03-14 15:51:02,146,UPI,0
1988,2025-03-14 20:36:12,92,Credit Card,0
850,2025-03-15 01:10:21,36,Cash on Delivery,0
1326,2025-03-15 06:15:15,41,UPI,10
407,2025-03-15 12:19:19,141,UPI,10
278,2025-03-16 03:56:00,1,Debit Card,0
740,2025-03-16 06:38:02,101,Credit Card,0
1579,2025-03-17 14:42:33,54,Debit Card,0
140,2025-03-17 18:02:10,48,Cash on Delivery,15
1645,2025-03-18 03:21:02,91,Debit Card,0
1172,2025-03-18 13:07:03,86,Wallet,5
1895,2025-03-19 08:04:58,69,Debit Card,10
635,2025-03-19 09:27:59,59,Debit Card,5
1564,2025-03-19 23:03:46,87,Wallet,0
1318,2025-03-19 23:04:47,19,UPI,0
33,2025-03-20 14:21:57,4,UPI,0
1284,2025-03-20 23:06:51,82,Credit Card,0
782,2025-03-21 05:12:06,37,Debit Card,10
85,2025-03-21 05:19:02,36,Debit Card,0
1887,2025-03-21 06:01:12,109,Cash on Delivery,10
1482,2025-03-21 06:17:26,39,Cash on Delivery,10
274,2025-03-21 23:16:29,125,Debit Card,15
956,2025-03-22 00:46:12,33,Debit Card,0
554,2025-03-22 10:59:59,137,Debit Card,5
663,2025-03-23 18:41:42,16,Credit Card,5
1063,2025-03-23 21:23:35,80,NetBanking,0
999,2025-03-23 23:10:40,86,Wallet,0
468,2025-03-24 02:07:21,69,Credit Card,10
832,2025-03-24 06:54:16,50,Debit Card,10
973,2025-03-24 06:55:28,102,UPI,5
1365,2025-03-24 07:12:18,47,Credit Card,0
456,2025-03-24 10:03:08,150,Debit Card,0
1056,2025-03-25 00:47:57,106,UPI,0
178,2025-03-25 14:27:02,21,Cash on Delivery,0
1304,2025-03-25 17:34:14,54,Credit Card,0
905,2025-03-26 03:10:15,78,Cash on Delivery,15
200,2025-03-26 15:40:20,28,Credit Card,0
696,2025-03-27 11:18:23,119,UPI,5
206,2025-03-27 14:44:50,48,UPI,0
1920,2025-03-27 18:49:33,100,Credit Card,0
1765,2025-03-28 03:21:07,126,UPI,15
186,2025-03-28 08:58:22,19,Debit Card,0
1341,2025-03-28 18:41:45,23,Cash on Delivery,10
1191,2025-03-29 07:06:16,2,Wallet,5
577,2025-03-29 19:12:05,9,Cash on Delivery,0
601,2025-03-29 22:24:51,57,Wallet,0
1530,2025-03-30 03:55:29,127,Cash on Delivery,0
418,2025-03-30 11:29:43,106,UPI,0
1138,2025-03-31 02:26:42,113,UPI,5
1931,2025-03-31 02:26:57,100,Wallet,0
1639,2025-04-01 09:57:45,138,Cash on Delivery,10
1226,2025-04-02 22:21:18,96,UPI,10
1446,2025-04-04 10:55:02,37,UPI,0
307,2025-04-04 11:07:17,71,Wallet,5
532,2025-04-05 23:12:38,55,UPI,0
1368,2025-04-06 17:44:38,141,UPI,5
1648,2025-04-06 18:39:23,104,Credit Card,0
1757,2025-04-06 19:14:32,81,Debit Card,10
1018,2025-04-06 23:49:09,37,Credit Card,15
1256,2025-04-08 22:27:00,117,UPI,10
1940,2025-04-09 03:15:36,139,Cash on Delivery,15
1731,2025-04-10 01:04:13,28,NetBanking,0
221,2025-04-10 21:24:20,90,UPI,15
1591,2025-04-12 00:45:15,129,Wallet,10
1566,2025-04-12 20:02:59,101,Credit Card,0
383,2025-04-12 21:11:09,149,NetBanking,5
1197,2025-04-13 06:48:44,128,Credit Card,0
1442,2025-04-13 14:06:33,146,Wallet,0
1875,2025-04-13 15:05:39,98,UPI,10
1523,2025-04-13 18:00:16,139,Debit Card,5
1944,2025-04-15 04:15:31,4,Credit Card,0
1654,2025-04-15 13:49:12,40,Debit Card,0
1078,2025-04-15 19:34:18,2,Wallet,15
806,2025-04-15 22:20:05,78,Credit Card,15
193,2025-04-15 23:42:12,35,Debit Card,0
1589,2025-04-16 06:30:26,137,NetBanking,0
1950,2025-04-16 10:09:22,85,UPI,15
390,2025-04-16 12:33:44,125,Wallet,5
981,2025-04-16 16:05:58,57,Debit Card,0
856,2025-04-17 17:17:10,41,UPI,10
823,2025-04-18 20:22:08,14,Debit Card,5
396,2025-04-20 06:37:19,131,Credit Card,0
865,2025-04-20 10:09:47,42,Wallet,0
814,2025-04-21 12:08:44,134,Cash on Delivery,0
346,2025-04-21 14:53:56,28,UPI,0
1691,2025-04-22 05:42:52,60,Credit Card,15
706,2025-04-22 08:34:22,77,Wallet,0
728,2025-04-22 09:55:55,145,UPI,15
845,2025-04-22 12:37:13,104,Wallet,5
293,2025-04-22 22:50:11,38,Debit Card,10
10,2025-04-24 00:02:30,139,Debit Card,5
1526,2025-04-24 14:25:50,21,Wallet,5
1770,2025-04-24 18:41:18,82,UPI,0
308,2025-04-24 22:42:17,102,Credit Card,10
1077,2025-04-25 00:22:42,36,Cash on Delivery,0
1894,2025-04-25 22:56:56,105,UPI,0
768,2025-04-26 10:11:11,136,Cash on Delivery,10
144,2025-04-26 15:34:19,132,Credit Card,0
1753,2025-04-27 00:06:42,89,Wallet,5
1099,2025-04-27 12:50:19,78,Debit Card,15
135,2025-04-27 19:36:32,70,UPI,10
1048,2025-04-28 01:52:40,148,Credit Card,5
224,2025-04-28 09:00:47,101,Credit Card,5
1328,2025-04-29 11:28:53,116,Debit Card,0
1294,2025-04-29 12:09:45,119,Credit Card,15
1074,2025-04-29 15:06:45,78,Debit Card,0
345,2025-04-29 23:04:15,75,UPI,10
1033,2025-04-30 01:57:24,24,Debit Card,5
1870,2025-04-30 05:01:57,122,Credit Card,0
83,2025-04-30 15:55:40,24,Wallet,0
110,2025-05-01 04:31:14,133,Debit Card,0
203,2025-05-01 05:09:29,90,Debit Card,0
1263,2025-05-01 16:52:29,63,Debit Card,0
1941,2025-05-01 20:16:13,58,Debit Card,10
78,2025-05-01 22:44:45,43,Debit Card,15
1949,2025-05-02 03:33:20,9,Credit Card,0
1122,2025-05-02 18:24:56,114,Credit Card,5
1897,2025-05-03 02:18:31,23,Credit Card,0
1775,2025-05-03 05:52:45,24,Wallet,5
1399,2025-05-03 07:58:21,63,Debit Card,0
1257,2025-05-04 08:52:07,65,Debit Card,15
668,2025-05-04 12:55:07,98,Credit Card,5
762,2025-05-04 17:14:44,88,UPI,0
1649,2025-05-04 23:55:17,127,NetBanking,10
1409,2025-05-05 06:35:55,8,Cash on Delivery,15
77,2025-05-05 19:10:13,10,Debit Card,15
557,2025-05-06 17:43:03,30,UPI,10
88,2025-05-06 18:11:53,138,UPI,0
1557,2025-05-06 19:29:21,84,Wallet,0
1939,2025-05-07 17:27:08,27,Wallet,0
926,2025-05-07 21:17:20,138,Wallet,15
1005,2025-05-07 21:37:27,41,Credit Card,0
1248,2025-05-07 23:23:09,49,NetBanking,15
441,2025-05-08 06:12:41,8,UPI,0
1805,2025-05-08 13:15:39,54,Debit Card,5
1190,2025-05-08 18:31:16,44,UPI,0
1200,2025-05-10 08:26:34,75,UPI,15
1850,2025-05-10 21:31:56,50,Wallet,15
1447,2025-05-10 22:48:36,91,Cash on Delivery,0
759,2025-05-11 04:02:19,28,UPI,10
13,2025-05-11 04:07:51,119,UPI,0
642,2025-05-11 08:01:23,115,Credit Card,0
842,2025-05-12 18:16:07,132,UPI,10
634,2025-05-12 19:58:08,114,Debit Card,5
299,2025-05-13 17:53:57,26,Credit Card,0
286,2025-05-14 04:12:19,79,UPI,5
1880,2025-05-14 06:14:42,28,Debit Card,0
773,2025-05-14 21:40:59,60,Debit Card,0
53,2025-05-15 20:15:10,95,NetBanking,0
847,2025-05-16 06:50:21,110,Debit Card,15
1818,2025-05-16 18:45:43,43,Debit Card,0
1998,2025-05-18 10:31:16,79,UPI,10
1003,2025-05-19 05:04:24,76,Credit Card,5
1391,2025-05-19 09:13:48,92,Debit Card,15
254,2025-05-19 11:11:46,27,UPI,0
1076,2025-05-19 23:20:29,32,Cash on Delivery,0
1817,2025-05-20 08:05:09,109,Wallet,5
817,2025-05-20 13:53:18,103,UPI,0
332,2025-05-21 01:40:14,3,UPI,0
82,2025-05-21 04:32:21,73,NetBanking,0
1463,2025-05-21 09:12:03,50,Debit Card,10
667,2025-05-21 17:17:01,94,UPI,15
142,2025-05-21 18:21:28,120,Credit Card,0
913,2025-05-22 16:46:12,81,Wallet,0
448,2025-05-23 02:29:33,47,Debit Card,0
988,2025-05-23 03:05:36,52,UPI,0
680,2025-05-23 13:42:07,114,Credit Card,5
1141,2025-05-23 18:51:03,129,Debit Card,0
1541,2025-05-24 05:55:31,11,UPI,0
1281,2025-05-24 08:52:29,13,UPI,0
521,2025-05-25 18:09:18,140,UPI,0
665,2025-05-25 18:13:39,62,UPI,10
909,2025-05-26 15:54:33,60,Debit Card,0
8,2025-05-28 05:51:19,85,UPI,5
42,2025-05-29 05:16:04,34,Debit Card,10
1209,2025-05-30 08:20:59,75,Cash on Delivery,0
623,2025-05-31 22:50:22,19,Wallet,5
417,2025-06-01 00:59:44,124,Debit Card,0
716,2025-06-01 09:41:31,74,UPI,15
1980,2025-06-01 09:56:23,140,Credit Card,5
116,2025-06-01 11:37:33,89,Credit Card,5
1539,2025-06-02 01:01:40,130,Credit Card,5
1989,2025-06-02 06:39:58,89,UPI,15
838,2025-06-02 08:32:01,102,Debit Card,0
1837,2025-06-03 20:42:49,113,UPI,0
306,2025-06-04 00:19:26,122,UPI,0
1384,2025-06-04 10:12:06,71,UPI,0
368,2025-06-04 15:26:41,27,UPI,0
1599,2025-06-04 21:29:48,36,NetBanking,15
1160,2025-06-05 15:33:59,15,UPI,0
1721,2025-06-06 01:32:26,48,NetBanking,5
1797,2025-06-06 07:05:02,140,Cash on Delivery,10
1454,2025-06-07 04:45:12,125,UPI,0
1322,2025-06-07 19:22:35,64,Debit Card,0
902,2025-06-08 19:19:10,72,NetBanking,15
1254,2025-06-09 00:17:15,41,UPI,5
55,2025-06-09 05:12:56,145,Debit Card,15
340,2025-06-09 06:01:19,20,Debit Card,5
1517,2025-06-09 21:06:32,143,Debit Card,0
1586,2025-06-10 06:46:22,59,Debit Card,5
24,2025-06-10 13:55:40,62,Cash on Delivery,5
1658,2025-06-10 19:52:53,77,UPI,10
627,2025-06-11 07:38:18,58,Debit Card,0
719,2025-06-11 11:46:08,102,Credit Card,15
1840,2025-06-11 20:46:18,24,NetBanking,0
1415,2025-06-12 05:37:53,96,Credit Card,10
1481,2025-06-13 05:04:35,82,Cash on Delivery,5
901,2025-06-13 12:01:27,26,UPI,0
1370,2025-06-13 12:39:23,79,Debit Card,5
1700,2025-06-15 08:26:22,33,Cash on Delivery,0
723,2025-06-17 17:02:32,34,Debit Card,0
1107,2025-06-18 10:18:48,129,Cash on Delivery,15
1356,2025-06-19 03:58:58,42,UPI,0
704,2025-06-19 05:16:33,93,NetBanking,5
1719,2025-06-19 15:17:03,34,NetBanking,0
707,2025-06-19 23:27:46,105,Debit Card,0
1550,2025-06-20 04:59:24,82,Wallet,0
296,2025-06-20 12:31:11,106,Debit Card,0
1459,2025-06-20 13:52:11,122,UPI,5
505,2025-06-20 15:04:29,106,Debit Card,0
1507,2025-06-21 13:24:09,131,Debit Card,0
1577,2025-06-21 17:53:44,112,Debit Card,10
809,2025-06-21 19:02:41,71,Wallet,0
1601,2025-06-22 07:27:09,119,Debit Card,0
169,2025-06-22 18:06:19,120,Wallet,0
229,2025-06-22 23:39:56,78,Wallet,0
207,2025-06-23 07:11:03,116,Debit Card,10
1230,2025-06-23 08:13:46,89,Credit Card,15
753,2025-06-23 10:40:55,100,Wallet,5
1879,2025-06-23 15:41:04,36,Credit Card,0
984,2025-06-25 06:28:15,101,UPI,15
287,2025-06-25 13:53:16,95,Debit Card,0
968,2025-06-27 03:52:21,34,NetBanking,15
625,2025-06-28 01:52:38,29,Debit Card,5
1102,2025-06-28 12:03:30,101,Debit Card,10
1716,2025-06-30 20:14:08,136,Credit Card,15
382,2025-07-01 19:36:37,51,NetBanking,0
394,2025-07-01 20:50:08,38,Credit Card,0
385,2025-07-01 21:28:00,75,UPI,0
321,2025-07-02 11:43:53,136,Credit Card,0
722,2025-07-02 20:22:22,11,Credit Card,10
339,2025-07-02 22:18:55,14,UPI,0
1136,2025-07-03 00:11:26,93,UPI,5
1832,2025-07-03 16:16:06,150,Credit Card,5
317,2025-07-03 16:39:34,37,Wallet,0
596,2025-07-06 03:53:14,92,Credit Card,5
535,2025-07-06 12:12:03,119,Cash on Delivery,5
1073,2025-07-06 19:25:22,136,Debit Card,0
699,2025-07-07 13:13:56,24,Cash on Delivery,5
500,2025-07-07 14:18:11,36,NetBanking,0
281,2025-07-08 03:23:23,87,Cash on Delivery,10
367,2025-07-08 23:43:17,50,UPI,0
520,2025-07-09 04:47:25,52,UPI,0
1060,2025-07-09 07:53:57,8,Credit Card,0
1580,2025-07-09 08:24:23,98,Wallet,10
181,2025-07-09 19:46:16,145,Credit Card,15
641,2025-07-10 01:27:33,36,UPI,15
1650,2025-07-10 01:31:40,10,Credit Card,5
310,2025-07-10 02:04:01,104,Debit Card,15
629,2025-07-10 10:38:27,116,Debit Card,10
784,2025-07-10 12:17:59,97,Wallet,5
1046,2025-07-10 15:05:36,9,Credit Card,0
1116,2025-07-10 20:35:30,76,NetBanking,0
1600,2025-07-11 08:16:02,113,UPI,0
1696,2025-07-11 21:32:33,150,Wallet,0
399,2025-07-12 21:58:18,139,Wallet,0
263,2025-07-13 23:31:10,114,Credit Card,0
1183,2025-07-14 15:22:39,91,Debit Card,0
1934,2025-07-15 02:26:16,109,Cash on Delivery,0
1427,2025-07-15 08:45:08,85,Cash on Delivery,0
1974,2025-07-16 23:47:54,23,UPI,10
1162,2025-07-18 00:33:10,72,Cash on Delivery,15
1858,2025-07-18 14:45:54,128,Cash on Delivery,10
167,2025-07-19 00:33:29,55,Cash on Delivery,0
721,2025-07-19 12:53:59,12,Debit Card,0
503,2025-07-20 04:55:27,111,UPI,0
830,2025-07-21 03:41:03,6,Credit Card,15
760,2025-07-21 13:10:00,41,Debit Card,15
1646,2025-07-21 22:35:09,23,Credit Card,0
358,2025-07-22 23:04:31,95,UPI,10
131,2025-07-23 19:24:38,88,Debit Card,10
1845,2025-07-24 06:34:45,11,UPI,0
1255,2025-07-24 13:02:04,79,UPI,0
270,2025-07-24 21:32:17,8,NetBanking,15
164,2025-07-25 02:05:52,144,Cash on Delivery,5
1179,2025-07-25 13:11:26,124,Credit Card,10
1791,2025-07-26 15:53:28,130,NetBanking,5
659,2025-07-27 02:46:53,30,Cash on Delivery,0
1952,2025-07-27 13:30:23,77,NetBanking,0
534,2025-07-27 17:16:33,10,Credit Card,15
1420,2025-07-27 17:29:30,26,Credit Card,10
1024,2025-07-28 04:41:46,113,UPI,0
1028,2025-07-28 14:27:08,111,Debit Card,0
1468,2025-07-29 03:05:14,82,Wallet,10
741,2025-07-29 06:48:55,55,Credit Card,0
764,2025-07-29 14:54:08,118,NetBanking,10
211,2025-07-29 22:22:21,22,Credit Card,15
365,2025-07-29 22:36:52,63,UPI,0
1525,2025-07-29 22:45:28,38,Debit Card,10
941,2025-07-29 23:16:20,95,NetBanking,15
514,2025-07-30 01:59:09,133,UPI,0
1923,2025-07-30 05:59:37,14,UPI,0
639,2025-07-31 00:54:26,104,NetBanking,5
1052,2025-07-31 02:52:04,147,Credit Card,5
1110,2025-07-31 10:59:46,80,UPI,0
780,2025-08-01 04:19:26,105,Credit Card,0
1140,2025-08-02 09:09:09,100,Debit Card,15
1756,2025-08-03 07:53:14,4,UPI,10
1334,2025-08-03 10:20:55,29,Credit Card,5
1130,2025-08-03 14:20:33,18,UPI,15
1943,2025-08-04 01:47:51,148,Cash on Delivery,10
1524,2025-08-04 13:03:31,120,NetBanking,5
96,2025-08-04 18:54:22,69,NetBanking,0
264,2025-08-04 20:53:40,111,Debit Card,15
1611,2025-08-05 17:58:01,30,UPI,0
605,2025-08-06 03:14:43,73,UPI,5
1615,2025-08-06 03:35:23,139,Debit Card,10
889,2025-08-06 15:26:19,64,UPI,0
1688,2025-08-06 17:49:26,56,Wallet,5
408,2025-08-06 21:51:15,112,Credit Card,0
977,2025-08-07 04:50:28,70,UPI,0
1227,2025-08-07 04:55:39,43,NetBanking,10
1774,2025-08-07 05:09:42,119,NetBanking,15
1112,2025-08-07 22:52:35,119,Credit Card,10
467,2025-08-08 02:54:40,120,Credit Card,15
141,2025-08-08 12:11:54,73,Cash on Delivery,5
182,2025-08-09 02:48:04,77,UPI,0
961,2025-08-09 05:19:23,110,UPI,0
869,2025-08-09 09:05:28,96,Credit Card,0
944,2025-08-09 17:56:38,3,UPI,5
526,2025-08-11 01:18:17,24,Debit Card,0
632,2025-08-12 04:48:25,122,Debit Card,0
1590,2025-08-12 06:48:05,63,Debit Card,0
1239,2025-08-13 00:23:18,51,Debit Card,5
473,2025-08-13 12:49:39,81,Cash on Delivery,10
1109,2025-08-13 12:54:42,64,UPI,15
133,2025-08-14 09:57:22,74,UPI,0
1417,2025-08-15 10:36:38,28,UPI,0
